News,Label
You Can Smell Hillaryâ€™s Fear,FAKE
Watch The Exact Moment Paul Ryan Committed Political Suicide At A Trump Rally (VIDEO),FAKE
Kerry to go to Paris in gesture of sympathy,REAL
Bernie supporters on Twitter erupt in anger against the DNC: 'We tried to warn you!',FAKE
The Battle of New York: Why This Primary Matters,REAL
"Tehran, USA",FAKE
Girl Horrified At What She Watches Boyfriend Do After He Left FaceTime On,FAKE
â€˜Britainâ€™s Schindlerâ€™ Dies at 106,REAL
Fact check: Trump and Clinton at the 'commander-in-chief' forum,REAL
Iran reportedly makes new push for uranium concessions in nuclear talks,REAL
"With all three Clintons in Iowa, a glimpse at the fire that has eluded Hillary Clintonâ€™s campaign",REAL
Donald Trumpâ€™s Shockingly Weak Delegate Game Somehow Got Even Worse,REAL
"Strong Solar Storm, Tech Risks Today | S0 News Oct.26.2016 [VIDEO]",FAKE
10 Ways America Is Preparing for World War 3,FAKE
"Trump takes on Cruz, but lightly",REAL
How women lead differently,REAL
Shocking! Michele Obama & Hillary Caught Glamorizing Date Rape Promoters,FAKE
Hillary Clinton in HUGE Trouble After America Noticed SICK Thing Hidden in this Picture... * LIBERTY WRITERS NEWS,FAKE
What's in that Iran bill that Obama doesn't like?,REAL
The 1 chart that explains everything you need to know about partisanship in America,REAL
The slippery slope to Trumpâ€™s proposed ban on Muslims,REAL
Episode #160 â€“ SUNDAY WIRE: â€˜Hail to the Deplorablesâ€™ with special guest Randy J,FAKE
Hillary Clinton Makes A Bipartisan Appeal on Staten Island,REAL
New Senate majority leaderâ€™s main goal for GOP: Donâ€™t be scary,REAL
â€˜Infernoâ€™ and the Overpopulation Myth,FAKE
Anti-Trump forces seek last-ditch delegate revolt,REAL
Sanders Trounces Clinton in W. Va. -- But Will It Make a Difference?,REAL
Donald Trump Is Changing His Campaign Slogan to Prove Heâ€™s Not Racist,REAL
Pure chaos: Donald Trumpâ€™s campaign management offers a glimpse into his governing style (spoiler alert: itâ€™s terrible),REAL
"Syrian War Report â€“ November 1, 2016: Syrian Military Deploys Advanced T-90 Battle Tanks to Aleppo",FAKE
Jeffrey Sewell et al. : Metabiology face to face with Artificial Intelligence [VIDEO],FAKE
Why Itâ€™s Necessary To Relax Into A Stretch,FAKE
"Brexit Encourages UK to Trade With Non-EU States, Including Russia",FAKE
"2016 interview with Socrates: Another day of Life in the Empire! Are we near an endgame, or fools to ever â€˜hope for changeâ€™? (6 of ?)",FAKE
Mike Pence Drapes Shawl Over Immodest Lady Justice Statue - The Onion - America's Finest News Source,FAKE
First Ever Hindu Woman Elected into Congress,FAKE
Donald Groped Hillary in 2005! Trump and Weiner Sext Each Other!,FAKE
Ex-Assistant FBI Director: Clintons Are a Crime Family,FAKE
Hillary Wants Aggressively Interventionist Foreign Policy,FAKE
Both parties want to craft populist messages for 2016,REAL
First Take: Wall Street bids goodbye to June hike,REAL
Real Disclosure! Secret Alien Base Found In Moon's Tycho Crater,FAKE
Homeless Woman Protects Trumpâ€™s Walk of Fame Star From Violent Leftists,FAKE
"With 3:20 a.m. tweet storm Saturday, Clinton continues to mock Trumpâ€™s Friday â€˜meltdownâ€™",REAL
220 â€˜Significantâ€™ Pipeline Spills Already This Year Exposes Troubling Safety Record,FAKE
Obama makes the right call to tough it out in Afghanistan,REAL
Senate race rankings: Dems attack as GOP lays swing-state groundwork,REAL
â€˜He didnâ€™t know the boy didnâ€™t want to be rapedâ€™ â€“ court throws out Muslim migrant child sex charge and Germans are in shock,FAKE
Pieczenik â€œRogue FBI Agents and Wikileaks are Spearheading a Movement to Stop the Clintons from Stealing the White Houseâ€ â€“ TruthFeed,FAKE
American politics has reached peak polarization,REAL
Anti-Muhammad cartoon contest: Free speech or deliberately provocative? (+video),REAL
"3 Effects of Substance Abuse on Individual, Family and Community",FAKE
Tree Shaped Vertical Farms That Grow 24 Acres Of Urban Crops,FAKE
New Comment Features have been Added,FAKE
World's newspapers react to 'Hebdo' attack,REAL
Ying and Yang (the Gold and Silver Set-Up),FAKE
"Closed primaries, 'warped' democracy?",REAL
Police Turn In Badges Rather Than Incite Violence Against Standing Rock Protestors,FAKE
Donald Trump: Hillary Clinton has 'caused tremendous death',REAL
Detroit womenâ€™s Halloween decorations depict â€˜real-life horrorsâ€™ â€¦ such as shootings police by police,FAKE
Biden makes another surprise political stop,REAL
"Hillary Clinton's declining favorability numbers, in context",REAL
Comment on Quid Pro Quo? Wikileaks Email Reveals Clinton Campaign Eyeing Paul Ryanâ€™s Relative for Supreme Court by lenore.lee,FAKE
Hillary Clinton: The criminal investigation keeps moving forward,REAL
Rubioâ€™s parting shot at Trump,REAL
Loretta Lynch becomes first African-American woman AG.,REAL
Why it's funny Republicans are upset with Facebook: Column,REAL
FBI checking if Orlando shooter's wife knew attack plan but didn't warn police,REAL
Is google and YouTube in the Hillary's purse?,FAKE
Handicapping the Hispanic vote for 2016 GOPers,REAL
Truth Will Out Radio: The Laconia Incident,FAKE
GOP establishment nightmare? Ted Cruz vs. Donald Trump,REAL
Bernie Sanders lost poor voters in South Carolina by a big margin â€” a problem for his political revolution,REAL
Should I Get Botox?,FAKE
Jeb Bush Picks Up Endorsement From Lindsey Graham,REAL
"2016 Republican race enters a new, volatile phase",REAL
"â€˜Hands up, donâ€™t shootâ€™ was built on a lie",REAL
Lavrov and Kerry discuss Syrian settlement,FAKE
BREAKING : DOJ Says They Will â€œHELPâ€ Review the 650K Emails â€“ TruthFeed,FAKE
Bernie Sanders' call for ouster of two convention co-chairs rejected,REAL
Five Reasons the New York Democratic Primary Felt Competitive,REAL
"To get around Congress, Obama turns to city halls",REAL
Celebrity Deathmatch: Darkmoon Sages Make Their Final Predictions on US Election,FAKE
John Kerry: ISIS responsible for genocide,REAL
Mitt Romney's Re-Invention As Anti-Poverty Warrior,REAL
King: Fill the Supreme Court vacancy,REAL
"Ted Cruz is toast: Itâ€™s not just that he wonâ€™t be president â€” his days in the Senate are numbered, too",REAL
Obamaâ€™s speech in Selma was an answer to those who question his love for America,FAKE
Where Does Bernie Sanders Go From Here?,REAL
Exclusive: GOP campaigns plot revolt against RNC,REAL
Revelation Unleashed: Unlocking The Mysteries Of The Bibleâ€™s Most Mysterious Book,FAKE
Silent Counter-Coup by 17 Intel Agencies To Stop Crooked Clintons [Video],FAKE
"Why Hillary Clinton, not Bernie Sanders, 'won' town hall",REAL
French police hunt two brothers accused of Charlie Hebdo terror attack,REAL
"The Mandela Effect was made by one overlooked 33 year old man, an ascended master (video and proof)",FAKE
CNN: One voter can make a difference by voting repeatedly,FAKE
Give Social Security recipients a CEO-style raise,REAL
"Fireworks erupt between Trump and Bush, Rubio and Cruz at GOP debate",REAL
"Obama, sounding like his critics, admits no 'complete strategy' for Iraq",REAL
How Ted Cruz Became Ted Cruz,REAL
Newly Approved GM Potatoes Have Potential to Silence Human Genes,FAKE
Accord reached after Sanders sues the DNC over suspended access to critical voter list,REAL
Why the latest Patriot Act reform wonâ€™t be enough to rein in the NSA,REAL
"FBI expands probe of Clinton emails, launches independent classification review",REAL
Where is Gary Johnson?,REAL
"The Arcturian Group by Marilyn Raffaele October 23, 2016 [VIDEO]",FAKE
Nuclear weapons question,FAKE
Kevin MacDonald celebrates Trumpâ€™s Amazing Victory,FAKE
"The amazing AquTru water filter, version 2.0, is now in stock: I've snagged 500 units for Natural News readers at a deep discount",FAKE
What happens if Clinton drops out?,REAL
Brothers ID'd as suicide bombers in Belgium,REAL
Glorifying Violence,FAKE
Russia may run out of patience and respond to USA's rudeness,FAKE
The David Duke Show: Hillaryâ€™s Treason and Why Trump & Duke Will Win,FAKE
Don't blame all immigrants for San Francisco shooting,REAL
Netanyahu: I Won't Allow Israel to Be 'Submerged' by Refugees,REAL
APOCALYPSE NOW: Trump Voters Warn Of â€˜Revolutionâ€™ If Clinton Wins,FAKE
"Geo-Engineering Unlikely to Work, Conservation Group Says",FAKE
3 Questions Ahead Of Tonight's Democratic Debate,REAL
Obama's terror strategy is failing: US must heed lessons of 9/11,REAL
â€œBernie needs to be ground to a pulp.â€ Leaked Email to John Podesta in February,FAKE
Selma 50 years on: John Lewis's recalls the march,REAL
â€œWe Were Long Overdue A Presidential Assassination Anywayâ€,FAKE
"Flip-flop: Vox warns of serious risk of Election Day violence, and not the good kind either",FAKE
Third-party presidential candidates fight for 15% in polls â€“ and a spot in debates,REAL
"Bush, Rubio and Kasich eye one another in the shadow of Trump",REAL
Comey Must Explain Why He Advised Obama Not to Publicly Accuse Russia of Hacking Democrats,FAKE
"Putin Congratulates Trump, Says Russia Is Ready To Restore Relations With The US",FAKE
Monsieur Malbrough est Mort | New Eastern Outlook,FAKE
Conspiracy theories swirl around the death of Antonin Scalia,REAL
"What is one more election thread, ehhh?",FAKE
McCain: Trump doesn't understand Syria,REAL
Trump manager says 'undercover voters' will deliver win in US election,REAL
Re: WikiLeaks: â€˜How is what Bill Clinton did different from what Bill Cosby did?â€™ #PodestaEmails20,FAKE
"REPORT: Megyn Trashes Trump, Newtâ€¦ Then Murdoch Announces Replacements Are Available",FAKE
Suspect captured in â€˜ambush-styleâ€™ killings of two Iowa cops,FAKE
Re: 10 Things That Every American Should Know About Donald Trumpâ€™s Plan To Save The U.S. Economy,FAKE
The next president can have a big impact on climate policy â€” even without Congress,REAL
Look at the SHOCKING Number of Kids Born To Illegals in 2014,FAKE
Mother And Daughter Remind MSNBC Reporter That Trump Has Black Supporters,FAKE
Justice Department Staffers Monitor Polls on Election Day,REAL
Elizabeth Warren Just Blasted The FBI Director For Going After Hillary Instead Of Wall Street Crooks,FAKE
Poll: 71 percent of Dems think Clinton should keep running even if indicted,REAL
Trumped!,FAKE
Is the Iran deal unraveling? Think again. | Institution,REAL
Saturnâ€™s Baffling Hexagon â€” The Raging Storm Four Times the Size of Earth has Changed Its Colors,FAKE
"Cyrus Mistry renames himself Rohit Sharma-Mistry, gets job back",FAKE
The FBI intervenes in the 2016 election,FAKE
"Re: If Donald Trump Wins, He Will Be 70 Years, 7 Months And 7 Days Old On His First Full Day In Office",FAKE
Shutdown clash to return in force by December,REAL
Classless Obama Refuses Photo-Op of White House Welcome with Trump,FAKE
Comment on Maryland Trump Supporter: They Switched My Vote to Hillary by misterdawg,FAKE
Stuff in the News That No One Is Talking About Because of the Election,FAKE
Blizzard of charges and countercharges melts away as opinions of Trump and Clinton are frozen,REAL
Social Media Is Censoring FBIâ€™s Re-Opened Clinton Email Investigation,FAKE
Obama Inches Closer to Veto-Proof Support for Iran Nuclear Deal,REAL
How Clinton plans to stop Sanders' momentum,REAL
Martin Oâ€™Malley Praises Senate Democrats for Holding Up Trade Deal,REAL
Shiâ€™ite Militias Join Iraqâ€™s Mosul Attack,FAKE
â€˜Super PACâ€™ Gets Early Start on Pushing for a 2016 Clinton Campaign,REAL
Christianity under attack: US must do more to promote religious freedom,REAL
U.S. Taxpayers Pay AT&T Millions of Dollars a Year For the Privilege of Spying on Them,FAKE
VIDEO: Journalist Shot by Militarized Police at Standing Rock While Conducting an Interview,FAKE
"Buffett: If I Ran Fed, I Would Not Raise Rates Significantly",REAL
Are Tensions With Russia Even Real?,FAKE
Iran agrees to nuclear restrictions in framework deal with world powers,REAL
Comment on This Is What Constipation Does To Your Body by THIS IS WHAT CONSTIPATION DOES TO YOUR BODY | TheHealthology,FAKE
Fifteen Quotes Proving False Flag Terrorism & the Existence of a â€˜Shadow Governmentâ€™,FAKE
"Bernie Sandersâ€™s vast universe of donors, mapped",REAL
"Former Ambassador Andrew Young calls for end to water fluoridation, â€œCivil Rights Issueâ€",FAKE
Trump's New Ad Portraying 'Every Mother's Worst Nightmare' is Nothing Short of Chilling,FAKE
Undercover Video Exposes Obamaâ€™s Plan to Make American â€œGun Lawsâ€ More Like Britain â€“ TruthFeed,FAKE
So That Happened: Did Obama Forget That The GOP Runs Congress?,REAL
"Syrian War Report â€“ November 2, 2016: ISIS and Al-Nusra Attempt to Cut Off Govt Supply Line to Aleppo",FAKE
Should Christians Celebrate Halloween?,FAKE
Sunday in Charleston: Worship at Emanuel AME,REAL
Only Making Matters Worse in Syria,FAKE
"FACT CHECK: Hillary Clinton's Speech To The Democratic Convention, Annotated",REAL
BUSTED: Clinton Foundation Directly Tied To Plot To Steal Election,FAKE
Connecticut Becomes First State To Boycott Indiana Over LGBT Discrimination Law,REAL
Scott Walker Confronts Doubts About His Grasp of Foreign Policy,REAL
Iran carries out new ballistic missile test,REAL
Assange: Donald Trump Wonâ€™t Be Allowed to Win â€“ Clinton & ISIS Funded by Same Interests,FAKE
Why Joe Biden can't get no respect,REAL
"Come on, Paul Ryan must be running in 2016, right? Right?",REAL
Why Bernie Sanders needs to start winning big states â€” big,REAL
Leaked: Whatâ€™s in Obamaâ€™s trade deal,REAL
"Michael Moore admits no women ever melted the ice caps, bombs American history",FAKE
Someone Isn't Telling The Truth About Freddie Gray's Death,REAL
Prison employee pleaded not guilty to aiding escape of two murderers,REAL
Culchie Tries To Explain Rules Of 25 One More Time,FAKE
Election Day: No Legal Pot In Ohio; Democrats Lose In The South,REAL
President Trump: A colossal failure for democracy and our terrifying new reality,REAL
Who had to go :-),FAKE
Raqqa/Mosul: Politicians Fiddle As Middle East Burns,FAKE
Chris Christie losing home-state donors as Jeb Bush makes inroads,REAL
Washington Home Depot store receives order for five-thousand gallons of gold exterior paint,FAKE
Western Lynch Mob on Russia Ties Itself up in Absurd Anots      : Information,FAKE
Can Sanders rally supporters around Clinton after DNC email leak?,REAL
'Historic' climate deal in sight as nations parse final text,REAL
We Live In A Time Where Each Individual Has Immense Power,FAKE
"Trump slams 'corrupt' media, as more women make sexual assault claims",REAL
Only Demented Imbeciles Want A Killary Reign Of Terror,FAKE
This anti-Trump advert on the side of a bus is really visually clever and you have to see it in motion,FAKE
Americans Are So Disconnected From Reality That â€œInsouciantâ€ Has Become An Euphemism,FAKE
The 5 unspoken rules for covering Hillary Clinton,REAL
"Hillary Melts Down Over Weiner In Public, PICS Prove Campaign Is Imploding",FAKE
Clinton Vs. Trump: Latest Electoral Prediction [Greg Laden's Blog] | Science and Technology,FAKE
Jubilee Year of Mercy ends on November 20. Following Judgment?,FAKE
Iraq launches operation against ISIS in Anbar province,REAL
UKIP MEPs Steven Woolfe & Mike Hookem reported to French police over Strasbourg scuffle,FAKE
Justices Kennedy and Scalia and their divide on gay rights,REAL
Justice Clarence Thomas Describes Washington DC As â€œBrokenâ€,FAKE
"The Week In Pictures â€“ Week Of October 31, 2016 - The Onion - America's Finest News Source",FAKE
Jeb Bush's Foreign Policy Plan: More Military Spending Will 'Encourage Peace',REAL
2006 Audio Emerges of Hillary Clinton Proposing Rigging Palestine Election,REAL
Authorities search for clues after raid thwarts potential 'Belgian Charlie Hebdo' attack,REAL
8 classic football banners of our time,FAKE
Tweetwave,FAKE
Trumpâ€™s Gettysburg Address against the New World Order,FAKE
Debate Goals for the Democratic Candidates,REAL
'Spinning up as we speak': Email shows Pentagon was ready to roll as Benghazi attack occurred,REAL
A Case Study On Why The Obamacare Lawsuit Is Based On Mythical History,REAL
Trump Proudly Declares: Most Of The People Iâ€™ve Insulted Deserved It,FAKE
Dems sue GOP over Trump's 'rigged' complaints,FAKE
US Airstrikes on Iraqi Army Slowing Advance on Mosul,FAKE
Iran letter blowback startles GOP,REAL
"Clinton Camp Desperate, Russia Trains for WWIII",FAKE
Donald Trump's GOP civil war,REAL
Comment on Tainted Measles Vaccine Kills More Than 50 Children In Syria by Tragic Deaths Used To Promote Vaccine Fear â€“ On The Fence About Vaccines,FAKE
Laura Bush hints she'd rather see Hillary as president,REAL
"Scott Walker, Rick Perry show limits of super PACs",REAL
If Catcalls Were Politically Correctâ€¦,FAKE
Why Hillary Won't Unleash WWIII    : Information,FAKE
Is It Time To Reconsider Lifetime Appointments To The Supreme Court?,REAL
"Clinton has delegates to win Dem nomination, AP reports; Sanders questions tally",REAL
Hillary IMPLODES: Trump 'Took Everything...Paid Nothing To Support Us!',FAKE
"Trump says Obama born in US, â€˜periodâ€™ â€“ after new â€˜birtherâ€™ dust-up",REAL
"MH370: If debris is part of missing plane, what's next?",REAL
GOOGLE PLANNED MASSIVE AI INTEGRATED SOCIAL NETWORK SPY TOOL FOR HILLARY CAMPAIGN IN 2014,FAKE
Israel stole classified US information and used it to help congressional Republicans,REAL
"""America has a simple ideology"": how one of Russia's top US experts explains America",REAL
Poll shows Trump made up 13 points in under 2 weeks â€” now he likes polls again,REAL
"Chaos on House floor as Dems, Republicans clash over LGBT proposal",REAL
"New Study Links Fluoride Consumption To Hypothyroidism, Weight Gain, And Worse",FAKE
"Clinton, Sanders accuse Trump of inciting violence",REAL
Memo to the Next Administration: Defense Spending Must Be For Actual Defense,FAKE
"In New Responses, Hillary Clinton Insists Email Setup A Matter Of 'Convenience'",REAL
Trump mulls alternative options for making Mexico finance 'the wall',REAL
The circus of liars - America's three rings of evil clowns,FAKE
"Donald Trump said â€˜universityâ€™ was all about education. Actually, its goal was: â€˜Sell, sell, sell!â€™",REAL
Trump Has Forever Changed American Politics,FAKE
Kerry Adviser Marie Harf in Twitter Fight Over Iran Nukes,REAL
"The role of the US and Nato in EU relations with China, by Manlio Dinucci",FAKE
"100,000 people have come to recent Bernie Sanders rallies. How does he do it?",REAL
Trump The President: What Does That Mean For The World? - CounterCurrents.org,FAKE
"'You've been fleeced': Congress grills Kerry, Obama officials on Iran nuke deal",REAL
"What 20,000 pages of hacked WikiLeaks emails teach us about Hillary Clinton",REAL
Comment on Breaking: CDC Blocks Testimony of Their Senior Scientist Who Blew The Whistle on Severe Medical Malpractice by CDC Accused of Blocking Testimony from Senior Scientist â€” New York Malpractice & Injury Lawyer Blog,FAKE
FOX News Just Admitted It Made Up Story About Hillary Being â€œIndictedâ€ For Foundation,FAKE
Repudiating the Media,FAKE
Buchanan Smashes CNN Shill,FAKE
The Impossible Is Happening: Cubs Win World Series and Yesâ€¦ Hillary Clinton is Now Likely to be Indicted,FAKE
America After Election 2016: the Gullible and the Shattered - David Kerans,FAKE
Anderson Cooper Absolutely OWNS Kellyanne Conway After FBI Clears Hillaryâ€¦Again (VIDEO),FAKE
â€˜Schlonged!â€™ NYT: FBI reopened Hillary probe thanks to â€¦ ANTHONY WEINER?,FAKE
What do Americans really think of election coverage?,REAL
Exclusive: Siege of Islamabad,FAKE
The Fix Is In: NBC Affiliate Accidentally Posts Election Results A Week Early: Hillary Wins Presidency 42% to Trumpâ€™s 40%,FAKE
Lynch schools the wingnuts: How the right tried â€” and failed â€” to wound Obamaâ€™s AG nominee,REAL
"Yes, Ted Cruz could win",REAL
"â€˜Canâ€™t build a wall, hands too small!â€™ â€“ NYC anti-Trump protest (Streamed live)",FAKE
Trump advisors try to pivot not fishtail,REAL
"Christians drop, 'nones' soar in new religion portrait",REAL
Comment on Brother of Clintonâ€™s Campaign Chair is an Active Foreign Agent on the Saudi Arabian Payroll by marlene,FAKE
Inside the Deliberations of a Hillary Clinton Campaign Launch,REAL
American Express disowns Pink Floyd singer Roger Waters because of pro-Palestinian views,FAKE
Clinton condemns Trump over Chicago violence,REAL
"In France, a growing debate over why some speech is protected and some isnâ€™t",REAL
North Carolina Hillary Supporter Brags on Facebook About Voting Multiple Times,FAKE
Russia reacts to UN aid chief's Aleppo 'kill zone' remarks,FAKE
Representative Government or Thugocracy?,FAKE
Gay rights and religious liberty: Can Americans have both?,REAL
"As Rand Paul stalls, Ted Cruz seeks to pick up support among libertarians",REAL
â€œA dream come true for Hillary Clintonâ€: Wall Street Journal editorial board rips Ted Cruz,REAL
Obama Presses Putin to Strike Ukraine Peace Deal,REAL
"Trumka: Disappointment with Obama, a warning for Hillary",REAL
Pro-Palestinian Propaganda Lowering Standards of Truth in America,FAKE
Wingnuts have a death-grip on Congress: Why Paul Ryan canâ€™t control the House GOP,REAL
Lifting weights could ward off dementia and make you smarter,FAKE
People excited about Christmas adverts told about rest of human culture,FAKE
State Department warns of possible terror attack in South Africa,REAL
Who Lost Iraq?,REAL
Pope Francis implores Congress to accept immigrants as their own,REAL
"Poll: Trump gains in Iowa, still dominates in New Hampshire",REAL
Rand Paul Goes on Senate Floor to Protest NSA Spying Measure,REAL
China Airport Security Robot Gives Electroshocks,FAKE
Obama Details His Disappointment With Netanyahu In First Post-Election Comments,REAL
"Re: WikiLeaks: Neera Tanden has ANOTHER ringing endorsement for Hillary! (No, not really)",FAKE
Reality Check: First Clinton v Trump presidential debate,REAL
Doomsday Election,FAKE
John Kasichâ€™s Advice for Women to Prevent Sexual Assault: Avoid Parties â€œWhere Thereâ€™s a Lot of Alcoholâ€,REAL
The system set Boehner up for failure,REAL
Gay marriage victory at Supreme Court triggering backlash,REAL
Who rode it best? Jesse Jackson mounts up to fight pipeline; Leonardo DiCaprio to the rescue?,FAKE
McCarthy drops out of speaker race as House asks: Who wants this job? (+video),REAL
"Democrats, Republicans in tight races as Iowans prepare to caucus",REAL
Iran: Why the best outcome now is to keep negotiating without reaching a deal,REAL
NAZI Flying Saucers & A Permanent Base in Antarctica,FAKE
BREAKING: Man Brags on Facebook of Voting 3 Timesâ€¦ Then Reveals How He Did It,FAKE
Furious parents slam â€˜damagingâ€™ BBC sex change show aimed at six-year-olds,FAKE
Trump Family Say Trump Brand Has NOT Been Damaged,FAKE
Rand Paul is flatlining,REAL
Nurse Chris Christie Quarantined For Ebola Goes After Governor On Vaccines,REAL
Can Paul Ryan and Donald Trump coexist within the Republican Party?,REAL
"Cruz copying me on border wall, Trump says",REAL
John Oliver: Americaâ€™s Increasingly Segregated Schools Are â€˜Very Rarely Equal in Any Wayâ€™ (Video),FAKE
The Rise of Mandatory Vaccinations Means the End of Medical Freedom,FAKE
Scientists Fascinated By Lake Under The Sea: Those Who Enter Never Come Out [Watch],FAKE
Jeb Bush loses TV ad edge to Marco Rubio,REAL
"Russia, India Discuss FGFA Advanced Fighter, Su-30MKI Upgrade",FAKE
"Our real police/race problem: Diverse forces, white resentment, and Americaâ€™s persistent divides",REAL
The Supreme Court cannot hide on Obamacare,REAL
BREAKING : TED CRUZ CALLS FOR SPECIAL PROSECUTOR TO INVESTIGATE HILLARY â€“ TruthFeed,FAKE
"Poll: Hillary Clinton, Bernie Sanders both top Trump",REAL
Donald Trump revokes Washington Post press access (+video),REAL
The Real Reason Obamacare is Coming Unglued,FAKE
How Jeb Bush can avoid being the Jon Huntsman of 2016,REAL
Revived Clinton Email Scandal Killed By A Slew Of New Facts In Record Time,FAKE
Iraqâ€™s Skies Darken as Islamic State Torches Oil,FAKE
New Yorkers fight to overturn ballot selfie ban,FAKE
Poll finds Ben Carson knocks Donald Trump from top spot nationally,REAL
â€œIâ€™m glad that he wonâ€: The surprising Palestinian reaction to Netanyahuâ€™s win,REAL
George W. Bushâ€™s Ethics Lawyer Files Complaint Against FBI Director James Comey,FAKE
Netflix Ceo: TVâ€™s Future includes Hallucination Pills,FAKE
Ernst to Trump: Stop with the name-calling,REAL
Comment on Elections 2012-16 by BeamMeUpScotty,FAKE
After Debate Duke Says USA becoming Banana Republic,FAKE
"NOW FIVE FBI FIELD OFFICES ARE PROBING CLINTON CHARITY, ADDING FUEL TO THE FIRE",FAKE
White House: GOP Has Failed to Put â€˜Points on the Boardâ€™,REAL
The Disappearing Middle: Electorate Way Less Moderate Than Past Primaries,REAL
"Hannity: WikiLeaks Has Proven That ""Everything The Conspiracy Theorists Said"" Was True",REAL
Russia successfully tests its first-ever hypersonic weapon,FAKE
The Hulk Actor Mark Ruffalo Has Joined Standing Rock to Protest DAPL,FAKE
AP FACT CHECK: The Republican debaters and the facts,REAL
Why the drop in income inequality?,REAL
Walmart Goes Against The Grain Of Obamaâ€™s America With New Thanksgiving Ad,FAKE
Senate Makes History By Confirming Loretta Lynch As U.S. Attorney General,REAL
Manhunt for escaped killers expands to Vermont,REAL
The Path To Total Dictatorship: Americaâ€™s â€œShadow Governmentâ€ And Its Silent Coup,FAKE
To the Youth a Day After the Election: Another World Is Possible,FAKE
Physical Gold Demand and Fear,FAKE
Protester charged with shooting officers in Ferguson,REAL
Comment on U.S. war with Iran has already begun by Ø¬Ù†Ú¯ Ø§Ø±Ø²ÛŒ Ø¢Ù…Ø±ÛŒÚ©Ø§ Ø¹Ù„ÛŒÙ‡ Ø§ÛŒØ±Ø§Ù† / Ù…ÙˆØ±Ø¯ Ù…Ø·Ø§Ù„Ø¹Ø§ØªÛŒ Ø³Ø§Ù„ 1390 - Ú©Ø¯Ø¢Ù…Ø§ÛŒÛŒ,FAKE
Itâ€™s not the â€˜locker-roomâ€™ talk. Itâ€™s the â€˜lock her upâ€™ talk.,REAL
"GOP braces for Trump loss, roiled by refusal to accept election results",REAL
If You Have One Of These Old VHS Tapes It May Be Worth Over $1000,FAKE
Obama: Trump is â€˜unfit to serve as presidentâ€™,REAL
Pope Francis met Kim Davis: why it matters in fight over religious freedom (+video),REAL
Study: Phytochemical Found In Broccoli And Cauliflower Attacks Prostate Cancer Cells,FAKE
David Duke wins Louisiana Senate Debate in Landslide despite BLM Riots,FAKE
Paris Tragedy Could Shake Up 2016 Race,REAL
Hillary Clinton Is Now Radioactive â€“ SoT #122,FAKE
2016's first GOP debate: Six things to look for in Charleston,REAL
Black Hawk crashes off Florida; human remains found,REAL
VIDEO: Creepy Clown Gets Pistol-Whipped!,FAKE
THE VISION THING Â‘16    : Information,FAKE
"Drudge, Koch, Soros, Bezos: These 4 non-politicians will determine the next president",REAL
The Other Way of Knowing,FAKE
Obama and Putin outline competing visions on Syria,REAL
Comment on Police Officerâ€™s Wife Caught Faking a Robbery In a Scheme To Frame Black Lives Matter by The Cat's Vagina (Nasty Woman),FAKE
Is the GOP losing Walmart?,REAL
Supreme Court Decides to Weigh in On Transgender Rights,FAKE
If Hillary Clinton Is Charged With Obstruction Of Justice She Could Go To Prison For 20 Years,FAKE
"'Top secret' emails on Clinton server discussed drone program, may reference classified info",REAL
Miracles Man: Metaxas Vs. Closed Minds And A Closed Universe,REAL
Obamacare Premiums Spike an Average of 25%!,FAKE
Collective Consciousness â€“ The Individual is Gone,FAKE
Obama on gun control: His emotional evolution,REAL
What Scientists Found Inside This 800-Year-Old Pot... Is Changing History!,FAKE
The Clock Is Ticking And Republicans Still Have No Serious Obamacare Alternative,REAL
Trump treads on tradition in New Hampshire,REAL
GOP presidential candidates hammer on 'top secret' Clinton emails in final days before Iowa Caucus,REAL
"Cleveland, Justice Department Reach Policing Deal",REAL
Physicists Say Consciousness Should Be Considered A State of Matter: The â€œNon Physicalâ€ Is Real,FAKE
"A GOP Weekend, Courtesy Of The Koch Network And Citizens United",REAL
"Juan Williams: My bets on Trump, Clinton vice presidential picks",REAL
How Trump And Clinton Are Framing Their Closing Arguments,REAL
Scott Walker and questioning Obamaâ€™s faith,REAL
What Is Hillaryâ€™s Greatest Accomplishment?,REAL
"Iranians Spend $2.1b on Beauty Products Annually, 3 Times more than Their European Counterparts",FAKE
"Sanders, Trump easily win West Virginia primary; Trump picks up Nebraska too",REAL
"Clinton, Sanders to Face Off in 1st Democrat Debate",REAL
#InNorthDakota ~~ PALESTINIANS STAND WITH THE SIOUX,FAKE
"Human remains suggest explosion brought down EgyptAir plane, forensics official says",REAL
US officials scanning terror databases in search for Paris attack suspects,REAL
"ISIS Declares It Will kill Palestinians â€œOne By Oneâ€â€™, Yet Remains Quiet On Israel",FAKE
"Hillary, The Political Scientist",FAKE
"BOOM! This Is How President Reagan Handled Protesters: ""Negotiate? What is there to negotiate?"" [Video] Â» 100percentfedUp.com",FAKE
Clinton Picks Up The First Major Labor Endorsement Of 2016,REAL
Links 11/12/16,FAKE
Obama: Syria war unlikely to end during his presidency,REAL
'Blue and Brave': Illinois town rallies around police as search for officer's killer goes on,REAL
Senate Advances Bill To Approve Keystone Pipeline Despite Obama's Veto Threat,REAL
Comment on Indoor Gardening Made Easy: The Nutritower! by Indoor Gardening Made Easy: The Nutritower! â€“ Collective EvolutionGardening Business News UK | Gardening Business News UK,FAKE
US abstains from UN vote calling for end to Cuban embargo,FAKE
Young Turks Finds Out Why Trump Is About To Lose Utah For Republicans For First Time In Decades (VIDEO),FAKE
Comment on Mayor de Blasio claims hot dog carts are causing global warming by Dr. Eowyn,FAKE
Momentum to bar Syrian refugees slows,REAL
New evidence that the legal immigration system discriminates against Latin Americans,REAL
"America Might Not Deserve Trump, But Dems and Hillary Deserved To Lose",FAKE
Media turn blind eye to Hillary Clintonâ€™s glaring mistakes,REAL
State Department admits to deliberately cutting briefing footage on Iran deal,REAL
"U.S. Economy Added 271,000 Jobs In October, Beating Expectations",REAL
"Hillary Clinton narrowly wins Kentucky, a state Bernie Sanders needed by huge margins",REAL
"No, it's not 'World War 3'",REAL
49 killed in shooting at Florida nightclub in possible act of Islamic terror,REAL
Just Another Day In the Life of the Clinton Crime Family,FAKE
Muslims regularly use â€œInshallahâ€ (â€œGod Willingâ€ in Arabic) and nobody calls it â€˜Christophobicâ€™ hate speechâ€¦so why is â€œDeus Vultâ€ (â€œGod Willingâ€ in Latin) graffiti being called â€˜Islamophobicâ€™ Crusader hate speech?,FAKE
"Hillary Clinton, FBI and the Real November Surprise     : Information",FAKE
The Benghazi bust: Trey Gowdy and his GOP colleagues embarrassed themselves,REAL
"Obama seeks global climate pact in Paris, amid resistance at home",REAL
"2 deaths possibly linked to 'superbug' at UCLA hospital after 7 infected, 179 exposed",REAL
Breaking: Ivanka Trump Makes Tragic Announcement Both Donald Trump and Supporters Are Shocked (Video) | Prophecy,FAKE
GOP Senator Silences the Entire Room With Remark About War Hero Opponent's Heritage at Debate,FAKE
2:00PM Election Day Water Cooler 11/8/2016,FAKE
News: A Somber Moment: Cubs Fans All Over The World Are Still Too Sad About Princess Diana To Celebrate The Cubsâ€™ World Series,FAKE
Clinton media campaign follows BuzzFeed model,REAL
Your Facebook Page Could Land You In a FEMA Camp,FAKE
Watching These 55 ISIS Terrorists Get Blown to Smithereens is Sure to Brighten Your Day,FAKE
"Exclusive: More than 100 lawsuits, disputes over taxes tied to Trump and his companies",REAL
Your dog probably has better healthcare than you do,FAKE
Get Ready For Civil Unrest: Survey Finds That Most Americans Are Concerned About Election Violence,FAKE
Historic firsts fill evening at Democratic National Convention,REAL
Retired Bishop Explains Why The Catholic Church Invented Hell [Watch],FAKE
"Cruz camp responds to Rubio Photoshop flap, brushes off criticism",REAL
Will a No-Fly Zone Help the People of Aleppo?,FAKE
"Experts Recommend Breaking Down Crushing Defeats Into Smaller, More Manageable Failures - The Onion - America's Finest News Source",FAKE
"Comment on Score one for the Second Amendment: Pizza Hut worker shoots, kills attempted robber by lynnmccrann",FAKE
War on Drugs Heading in Wrong Direction?,FAKE
"It Begins: Crowds Mass In Major Cities: DC, LA, NYC, Philly, Portland, Moreâ€¦ | Will It Escalate? | â€œ95% Chance Of Widespread Violenceâ€",FAKE
Hillary Fan SLEEPS At Rally! Snoozy Smurf Steals Show! (ABC News) Coconut Creek FLA,FAKE
"Neighbors Smell Smoke At Muslim Home, What They See In Window Is Horrific",FAKE
Ben Carson Throws Support Behind Donald Trump,REAL
The Middle East Crises Trump Inherits Could Still Suck Him in,FAKE
"Clinton and Trump: How they view ISIS, Putin, and US generals",REAL
John Kirby and the US State Department Blatantly Support Terrorists - Henry Kamens,FAKE
"Paul Ryanâ€™s big speaker hangup is reportedly his family. For a male lawmaker, thatâ€™s unusual.",REAL
"McCarthy withdraws from speaker race, vote postponed",REAL
Joe Giambrone on Hollywoodâ€™s Shameless & Underhanded Assault on Political Truth,FAKE
The immigration swamp,REAL
"Blame government, not markets for monopoly",FAKE
'America is already strong': Obama continues Democrats' optimism,REAL
Why the DNC's mysteriously hacked oppo file on Trump is a big yawn,REAL
Hillary Clinton: â€˜No role whatsoever for American soldiers on the groundâ€™ in Iraq,REAL
Donald Trump: The key to his success (Opinion),REAL
"For First Time, Trump Shrinks In Spotlight; Fiorina Steals Show",REAL
Carrot Top To Give Nobel Awards At Drive Thru Window,FAKE
Scott Walker's stealth 2016 strategy,REAL
Gauis Publius: TPP Has Picked Up a Powerful Enemy â€” Black Lives Matter,FAKE
Training French soldiers to supervise Daesh,FAKE
Letâ€™s Make 2016 the Last Endless American Election,REAL
November 8 Is (Finally) Here: An Abridged Election Day Resource Guide,FAKE
Going Back to the Future in 2016?,REAL
A bad night for front-runners and a good night for governors,REAL
How public funding of elections makes politics even more polarized,REAL
Gaming Obamacare,REAL
The Anatomy of Crisis and the Decline of US Empire,FAKE
Uncovered audio: Hillary was â€˜adamantly against illegal immigrantsâ€™,REAL
Obama says world should address â€˜grievancesâ€™ that terrorists exploit,REAL
7 Ways To Prepare For An Economic Crisis,FAKE
"Press must share the blame: The shallow, ratings-obsessed media is as responsible for Trump as the GOP",REAL
"14 Days to Do 14 Things, If Hillaryâ€™s Indicted-Extreme Violence Expected",FAKE
Daesh abducts 1000s near Mosul to use them as human shields: UN,FAKE
Oregon Standoff Leaders Acquitted For Malheur Wildlife Refuge Takeover,FAKE
"Muslims Start Chanting Allah On Plane, Flight Attendant Quickly Shuts Them Up",FAKE
"Netanyahu: Iran A Threat to Israel, the World",REAL
Unprecedented Surge In Election Fraud Incidents From Around The Country,FAKE
Re: DOJ AG Loretta Lynch Advised FBI Director to Keep New Emails from Congress,FAKE
A report said Trump's donations to vets might be shady. His response was predictable.,REAL
How the confidence deficit is impacting the 2016 election,REAL
"Anonymous hacker Deric Lostutter faces 16 years in prison, while Steubenville rapists walk free",FAKE
McCain Pledges to Help Pentagon Fix Scandal Over Excessive Military Bonuses,FAKE
Romney's timely Trump trolling,REAL
Like a â€œConcentration Campâ€ Police Mark DAPL Protesters with Numbers and Lock Them in Dog Kennels,FAKE
You Can't Be Intersectional While at the Same Time Being Elitist and Exclusionary,FAKE
A sharpened debate: Is it ethical to not vote this year for president?,REAL
The World Is About To Witness A Breathtaking Once In A Century Event,FAKE
Forbidden History. Secret Egyptology Exposed!,FAKE
THE AMERICAN PUBLIC CAN NO LONGER DEAL WITH THE LIMITLESS CORRUPTION OF THEIR GOVERNMENT,FAKE
CAN'T TRUST OBAMA! Look At Sick Thing He Just Did To STAB Trump In The Back... * LIBERTY WRITERS NEWS,FAKE
"Ryan so far proves he can 'make the sausage,' but he'll likely be serving a much different House party in 2016",REAL
Attorney general nominee offers careful backing of Obama policies,REAL
The end of white Christian America is nigh: Why the countryâ€™s youth are abandoning religious conservatism,REAL
Can nuclear war break out on the Korean Peninsula?,FAKE
Strong jobs number holds risks for Clinton,REAL
Sanders warns Clinton against moderate as VP,REAL
Hacking Accusations Against Russia Are Sign of Washington's Desperation,FAKE
"Architect Of Paris Attacks Was Killed In Raid, French Authorities Say",REAL
Dr. MacDonald & Dr. Duke Expose the Vicious War on Trump by the Jewish Establishment!,FAKE
Why conservatives refuse to believe Obama is Christian,REAL
Why Donald Trump is beating Fox News -- and GOP rivals,REAL
Election 2016 and the Weaponization of the American Public,FAKE
Obama seeks to calm fears over terrorism ahead of holiday season,REAL
COMICAL: Larry the Cable Guy slams â€˜indefensibleâ€™ hypocrisy from Donna Brazile,FAKE
Hillary Clinton in lead a day before Election Day,FAKE
Democratic debate: Fact-checking the candidates,REAL
Teenage Boy KNOCKS OUT His Classmate For Assaulting Their Female Teacher In The FACE- And Itâ€™s EPIC!,FAKE
Carson takes lead from Trump in new national poll,REAL
"Hillary isn't winning over many pundits, even on the left",REAL
"Meteor, space junk, rocket? Mysterious flash hits Siberia",FAKE
5 takeaways from the Republican debate,REAL
â€˜Why is it the first time Iâ€™m hearing about this?â€™ asks office wanker,FAKE
"BREAKING: New Law Stops Hillary In Her Tracks, She Is Now Officially Ineligible To Run",FAKE
Lawmakers caught in battle between House ethics cops,REAL
"New O'Keefe Video: Clinton Campaign, DNC Coordinated With Organizations To Incite Violence At Trump Events",REAL
"We do not like trampolining, say hedgehogs",FAKE
"Yes, There Is a Clinton Double Standard",REAL
"Libertarian VP Candidate Gives Up, Will Focus on Preventing Trump Presidency",REAL
â€œIâ€™ve Always Been An Admirer Of Donald Trumpâ€ â€“ Taoiseach,FAKE
Now waiting for the results | Opinion - Conservative,FAKE
BrotherJohnF Silver Update: Fake Election,FAKE
"When They Asked Her What She Thinks of Hillary Clinton, They Never Expected Her to Say THIS!",FAKE
'The only other option': Bernie Sanders backers turn to Green party's Jill Stein,REAL
"Trump, Clinton Head Into SC with Fierce Competition on Their Heels",REAL
Which Non-OPEC Producers Can Be Expected To Cut?,FAKE
Trump Team Begins Making List Of Executive Orders To â€˜Erase Obamaâ€™s Presidencyâ€™ On Day One,FAKE
Why Trump is a shocking GOP choice,REAL
What The Trump Skeptics Got Wrong,FAKE
Donald Trump: â€˜We have to take back the heart of our countryâ€™,REAL
Jeb Bush fights lonely battle defending Common Core,REAL
Donald Trump canâ€™t resist blaming Bill Clinton when his own sexism comes up,REAL
Hillary Clinton Jumps the Shark with â€˜Trumpâ€™s Secret Russian Serverâ€™ Conspiracy Theory,FAKE
Will Clintonâ€™s experience be a liability?,REAL
"Obama outlines plan to keep 5,500 troops in Afghanistan",REAL
Biden backers to naysayers: Not so fast,REAL
Clinton Enjoys Post-DNC Bounce - But Will it Last?,REAL
Alabama Prison Officials Retaliate Against Prison Strike Leader By Cutting Water To Cell,FAKE
Re: Texas Police Arrest Trump Voter for Wearing â€œDeplorableâ€ T-Shirt,FAKE
"NGOs should condemn terrorists in Syria, not Russia fighting them â€“ Foreign Ministry",FAKE
Genetically Modified Crops in U.S. Fail to Deliver Expected Yields,FAKE
The Fatal Expense Of American Imperialism,FAKE
Comment on A Group Of Reluctant Men Hold Kittens For The First Time. Hilarity Ensures by para para dinle,FAKE
House yanks first spending bill off the floor,REAL
Donald Trump Pushes Republican Party to Its Breaking Point,REAL
"Trump, Clinton clash in dueling DC speeches",REAL
Hillary Clinton BETRAYED by Her Own Family: â€œWeâ€™re Voting for Trump!â€,FAKE
'NO CAMP! NO CAMP!': Scuffles break out at Hungary train station after police stop migrant train,REAL
Green Partyâ€™s Margaret Flowers Challenges US Senate Debate in Maryland as Undemocratic [1],FAKE
How a $15 minimum wage went from â€˜extremeâ€™ to enacted,REAL
Will Asia trade deal hurt US workers? Six tough questions answered.,REAL
#BoycottComedianâ€¦ROBERT DENIRO Wanted â€œTo Punch Trump In The Faceâ€â€¦Supports Anti-Trump Riotersâ€¦Now Wants Americans To Support His New Movie [VIDEO],FAKE
Doctor Finds New Life As A Clown More Fulfilling | GomerBlog,FAKE
"City, County Leaders Ask Court To Lift Injunction On Obama Immigration Programs",REAL
BREAKING : Bay of Pigs Veterans Association Endorses Donald Trump â€“ TruthFeed,FAKE
Rigged Election: Hillary & Trump Caught Partying with Kissinger at Jesuit Gala,FAKE
Democrats Clinton and Sanders pounce on Flint water crisis â€” and each other,REAL
Israel: 1984 Everlasting,FAKE
"No, Sanders wouldn't be a better match for Trump",REAL
Georgia Abandons Ukraine's Anti-Russian Obsession - Archil Sikharulidze,FAKE
"Trump Vows To ""Renovate"" the Bill of Rights",FAKE
â€˜People in Europe are full of fearâ€™ over refugee influx,REAL
CNN Breaking News: Trump Tells Supporters To Vote Multiple Times,FAKE
The GOP would unite against Trump at its own peril,REAL
Hillaryâ€™s â€œBig Tentâ€ is Obamaâ€™s â€œGrand Bargainâ€ on Steroids,FAKE
Kasich bows out. Did he do 'the right thing?',REAL
October 28: Daily Contrarian Reads,FAKE
"How Western Media Teleported a Child 'Victim' from Homs to Aleppo (PHOTOS, VIDEO)",FAKE
The Sad Truth About Melania Trumpâ€™s Plagiarism Snafu,REAL
Will the Comey bombshell really shake up the 2016 race?,REAL
"Rating Obama, 50% say he's been a success",REAL
"James Comey to be taken out, knows too much about Clintons",FAKE
"â€˜A noun, a verb and Donald Trumpâ€™: Rubio seeks to seize on Murphyâ€™s flaw",FAKE
The True Scandal of 2016 Was The Torture of Chelsea Manning     :,FAKE
OPEC sees oil prices exploding to $200 a barrel,REAL
"â€œCLINTON, INCâ€: WATCH HOWâ€™S IT PAINS MSM TO REPORT CLINTON CORRUPTION",FAKE
"United States v. Texas, the biggest immigration case in a century, explained",REAL
I dare you to restrain yourself from laughing at Trump and Hillary in a stronger hot show,FAKE
UFO Investigator - MAX SPIERS - Found Dead After Vomiting Black Liquid.,FAKE
Jewish Press Releases Audio Tape Exposing Hillary Clinton Plotting to Rig Election,FAKE
Clinton Campaign STUNNED As FBI Reportedly Reopens Probe Into Hillary Clinton Emails,FAKE
The Middle Eastâ€™s sick state,REAL
Physicists just found more hints of an elusive particle thatâ€™s its own antiparticle,FAKE
SHOCK: NSA Can Recover ALL of Hillaryâ€™s Deleted Emails,FAKE
White House Monitoring Iran Aid Ship to Yemen,REAL
Why Trump is still likely to fall 52 delegates short of nomination,REAL
"Trump, Sanders trade blame over Chicago protests",REAL
Electronic Voting Machines Caught Switching Trump Votes To Hillary: â€œTrying to Steal Texasâ€ | Survival,FAKE
Gas prices could drop toward $1 a gallon,REAL
"The Saber Rattling Between Saudis, Iran Just Got More Ominous",REAL
"India's Stonehenge: 7,000-Year-Old Megalithic Site is Oldest Observatory in South Asia",FAKE
Top US General Pleads With Troops Not To Revolt Over 2016,FAKE
Why Director Comey jumped at the chance to reopen Hillary investigation,FAKE
Poll: Obama popularity on the upswing,REAL
BLOOMBERG-BACKED PENNSYLVANIA ATTORNEY GENERAL SENTENCED TO 10-23 MONTHS IN PRISON,FAKE
Is A Birthday Surprise Coming For Hillary Criminalton? Kim Dotcoms Mysterious Tweet.,FAKE
Rachel Maddow made them fight: Sheâ€™s the reason for the tense Hillary/Bernie fireworks,REAL
Past cases suggest Hillary wonâ€™t be indicted,REAL
"U.S. Split Along Racial Lines on Backlash Against Police, Poll Finds",REAL
The media unload on Donald Trump,REAL
How To Reduce Stress,FAKE
Popular Health Exchange In Jeopardy After Surprise Republican Win,REAL
The First Space Photo Of Earth - Shot From A Third Reich Rocket In 1946,FAKE
Hillaryâ€™s No Slam Dunk in 2016,REAL
"Russia, India will expand military cooperation with focus on Navy projects | Russia & India Report",FAKE
"Make music great again, with these 10 Trumped up album covers",FAKE
CNN Talker Famous for Saying 'Pu***' on Air Lashes Out at Newt for Saying Megyn's 'Obsessed with Sex',FAKE
Senate GOP leaving tea party primary battles behind,REAL
Meet The Man Who Started The Illuminati,FAKE
Anti-Trump delegates now responsible for nominating him,REAL
Syriaâ€™s UN Envoy â€˜Appalledâ€™ By Rebel Attacks On Civilians In Aleppo,FAKE
Collusion Between Facebook and Hillaryâ€™s Campaign Revealed in Clinton Emails,FAKE
Pro-Obama super PAC shifts focus to possible Clinton 2016 bid,REAL
3 dead in Colorado Springs Planned Parenthood shooting,REAL
"Report from the Refugee Camp in Calais, France: â€œthe Jungleâ€",FAKE
Trump refuses to say whether he'll accept election results,REAL
Fiorina blames environmentalists for California drought,REAL
AG Lynch told FBI Director Comey NOT to go public with the new Clinton email investigation,FAKE
FBI reopens Clinton investigation as new emails found â€’ Comey,FAKE
Congress Knew For At Least Two Years About Pentagon Efforts To Take Back Bonuses From Veterans,FAKE
Guilty Verdict Returned In 'American Sniper' Murder Trial,REAL
"As Marco Rubio rises, GOP rivals are reluctant to take him on directly",REAL
Trump Will Skip GOP Debate As Feud With Fox News Boils Over,REAL
The Dark Agenda Behind Globalism And Open Borders,FAKE
Re: 22 Reasons Why Starting World War 3 In The Middle East Is A Really Bad Idea,FAKE
"Fifteen years after NATO bombings, Montenegro wants to join NATO",FAKE
"Parts Of Patriot Act Expire, Even As Senate Moves On Bill Limiting Surveillance",REAL
"US charges 61 with India-based scam involving 15,000 victims",FAKE
US: Kurdish Troops Will Be Involved in Invading ISIS Capital of Raqqa,FAKE
Kasich: Voters Are â€˜Starting to Pay Attentionâ€™,REAL
Michael Moore Owes Me $4.99,FAKE
"A ""Gesture of Thanks"": Turkey arrests terrorists for extradition to Russia",FAKE
President Obama really really really really hates Maureen Dowd,REAL
U.S. Congressional Delegation travels to Cuba this weekend,REAL
How Democrats killed Obama's college savings plan,REAL
Clinton Takes First Step To Dispel Doubts About Candidacy,REAL
Guardian Front Page: â€œA 16-Year-Old Migrant Criesâ€¦â€,FAKE
Restaurant Chain Tim Hortons Blocks Independent Journalistâ€™s Website on WiFi,FAKE
Why raising the Social Security retirement age really does hurt the poor the most,REAL
Afghanistan: 19 die in air attacks on hospital; U.S. investigating,REAL
Trump Makes Last-Minute Push To Appeal To Whites - The Onion - America's Finest News Source,FAKE
A new 9/11 memorial to Flight 93: â€˜Our loved ones left a legacy for all of usâ€™,REAL
Fact checking the fourth round of GOP debates,REAL
OnPolitics | 's politics blog,REAL
CLINTON CAMPAIGN COOPERATED WITH POLITICO ON â€˜DEMYSTIFYINGâ€™ HUMA ABEDIN,FAKE
What I Learned From Speaking to an R.N.C. Attendee From Every State,REAL
Zakharova: Kiev's talk of an armed OSCE mission is disinformation,FAKE
"Final votes on Patriot Act, trade deal bill set dramatic stage for Congressâ€™ return",REAL
Donâ€™t write Donald Trumpâ€™s political obituary just yet: Why surging Ben Carson looks like a flavor of the month,REAL
Manny Pacquiao's Son Dead? Report Says Jimuel Pacquiao Dies Of Asthm Complications - Morning News USA,FAKE
Hillary Clinton's Postapocalyptic Hellscape Plan??,FAKE
Carmel Institute celebrates 5th anniversary with jazz concert,FAKE
Trumpâ€™s Twitter Access Revoked - The Onion - America's Finest News Source,FAKE
Raise the wage: Paul Krugman shatters the myth that we canâ€™t afford to boost workersâ€™ pay,REAL
Obamaâ€™s Arctic Trip Comes as Climate Change Builds as 2016 Issue,REAL
YouTube censoring videos â€“ on censorship!,FAKE
Hillary Clinton should proactively set out ethics rules,REAL
Israel hawks to Pope Francis: Stay out of politics,REAL
"Budgeting the Good War, for 75 Years",FAKE
Will the anti-Clinton revolt among American elites gain momentum?,FAKE
American Funhouse: Manufacturing Consent,FAKE
Why Hillary Clinton Will Appoint Old World Nationalists to Cabinet Positions,FAKE
Hereâ€™s What Clinton and Trump Must Do on the Debate Stage to Win the Night,REAL
Both Clinton and Trump would bring a war-time posture to the White House,REAL
"The GOP debate fear cauldron: According to the Republican candidates, youâ€™re going to die",REAL
Clinton holds narrow lead over Trump on eve of conventions,REAL
Kevin McCarthy announces he's a candidate for House speaker (+video),REAL
A guide to the Paradoxroutine,FAKE
AT&T-Time Warner Merger: Another Media Consolidation That Puts Profits Over Consumers,FAKE
Fall of the House of Bush: How last name and Donald Trump doomed Jeb,REAL
Mitt Romney Fans Speculation Over Another White House Run,REAL
US Airstrike Kills Four Iraqi Troops Near Mosul,FAKE
"â€˜Tolerantâ€™ Liberals Show Nothing But Contempt, Hatred Toward Nationâ€™s Only Black Supreme Court Justice",FAKE
"Us vs Them: When Politics is Treated Like a Football Game, No One Wins",REAL
Manhunt shifts to lone cabin in upstate New York: Prisoner hideout?,REAL
Armed Dakota Access Contractor Accused Of Trying To Infiltrate Water Protectors,FAKE
18 State Swat Team Drill In Prep for Backlash Against a Stolen Election,FAKE
Michael Moore: Joe Blow Will Vote Trump As â€œUltimate Fâ€“â€“ You to the Eliteâ€¦ A Human Molotov Cocktailâ€,FAKE
"More Beer, Less Vodka as Russians Mull Ongoing Crisis - Rustem Falyakhov",FAKE
Stop the vendetta against Planned Parenthood,REAL
Understanding Propaganda - The Art Of Distraction And Disinformation,FAKE
Huffington Post Continues Campaigning for Hillary Clinton,FAKE
TRUNEWS 10/31/16 Dr. Lance Wallnau | Answered Prayer: The Cabal Crumbles,FAKE
Ted Cruz victory shows GOP's impossible conundrum (+video),REAL
A Tea Party Congressman Just Called For Armed Uprising If Trump Loses,FAKE
"US pullout from Yemen eases pressure on Al Qaeda, lawmakers warn",REAL
Obama trade bill in trouble,REAL
Secret Service testing ways to intercept rogue drones with late-night flights over Washington,REAL
Source: Baltimore mayor ordered police to stand down,REAL
MARKETWATCH LEFTIST: MSMâ€™s â€œBlatantâ€ Anti Trump Bias May Be Suicidal,FAKE
Jane Sanders to FBI: Get on with Clinton email probe,REAL
"Happy New Year, Wall Street: Congress Has Another Gift For You",REAL
"The Left Turns on Bob Dylan for His Pro-Israel Views, Refusal to Acknowledge Nobel Prize",FAKE
FACEBOOK Nazi Thought Police editors threaten to quit if Mark Zuckerberg doesnâ€™t ban Donald Trump for hate speech,FAKE
Rivals Slam Trump over Violent Rallies: 'He Incites Violence',REAL
Oklahoma Fraternity Is Closed Over Video Of Racist Chant,REAL
"Jeb Bush in 2016: The good, the bad and the ugly",REAL
A whirlwind day in D.C. showcases Trumpâ€™s unorthodox views and shifting tone,REAL
"Andrew Maguire â€“ Paper Gold Market Trades Jaw-Dropping 6,800 Tonnes In One Day!",FAKE
What A Hillary Presidency Would Bring,FAKE
Supreme Court Readies Blockbuster Rulings,REAL
This is What Will Happen to Mosul After ISIS is Evicted,FAKE
Mall of America to Close for First Time Ever on Thanksgiving,FAKE
Former Director Of National Budget Warns That Markets Will Tank After US Election,FAKE
Delete Your Account â€“ Episode 23: Donâ€™t Get Sick,FAKE
"CNN Reach New Low, Call Sheriff Clarke A â€˜Terroristâ€™ After Trump Gave Him The Most Important Job! | EndingFed News Network",FAKE
(((Smithsonian))) Refuses to Include Judge in Black Museum Because He has Normal People Opinions,FAKE
Iran Nuclear Deal: Does Obama want Israel to commit suicide?,REAL
"Syrian War Report â€“ November 7, 2016: Russian Attack Helicopters Swarm in Homs Province | The Vineyard of the Saker",FAKE
Bernie's swan song begins,REAL
Would Trump presidency threaten rule of law?,REAL
Google And God,FAKE
Bernie Sanders Says What The Media Wonâ€™t: Trump Is A Gutless Political Coward,FAKE
Sanders delegates' convention agenda,REAL
Is it necessary to break the law to improve your standard of living?,FAKE
Paris climate summit: What to expect from historic talks,REAL
"Trump doctorâ€™s letter: He takes cholesterol drug, is overweight but is in â€˜excellentâ€™ health",REAL
Game changer? Trump supporter charged in voter fraud case,FAKE
"Supreme Court: your right to a ""speedy trial"" ends when you're declared guilty",REAL
We told you so! The Zika virus is harmless,FAKE
Debating the Future of American Power Abroad,REAL
Sesame Seeds for Knee Osteoarthritis,FAKE
Now We Can Finally Get to Work,FAKE
Trick-Or-Treaters Get Their Socks Rocked By BADASS Hillary Pumpkin Outside,FAKE
Amurexit from NAFTA TPP Wall Street and Global Policeman,FAKE
Islamic State accepts Boko Haram allegiance pledge,REAL
Wife of Muslim jihadist who killed and wounded over 100 in Orlando nightclub massacre says she â€œknew nothingâ€,FAKE
Farming Invented Many Times by Many Different Farmers Over A Vast Landscape. @CarlZimmer. @NYTimes. - Russia News Now,FAKE
Netanyahu warns Iran deal could 'threaten the survival' of Israel,REAL
Why Comey Reopened the Hillary Investigation,FAKE
Hillary: Leaked Audio of Her Discussing Rigging an Election in Palestine,FAKE
"After Brussels, Trump's 'strength' resonates with GOP voters (+video)",REAL
The Intercept Outs Neocon Democratâ€™s Smear Against Trump as â€˜Putinâ€™s Puppetâ€™ - Eric Zuesse,FAKE
"Done Deal? Clinton, Trump Shift to General Election after Big Wins",REAL
What Youâ€™re Not Told: 90% Of American Media Is Controlled By Six Corporations,FAKE
"Steve Quayle On Economic Collapse, World War 3 and U S elections",FAKE
What Brian Williamsâ€™s Chopper Whopper Says About Modern News Media,REAL
"Republicans have little reason to act on immigration â€” both today, but also before the 2016 primaries",REAL
We donâ€™t just need to see Trumpâ€™s taxes â€” we need a real medical report on him,REAL
Police morale can wait: How the Baltimore riots should reshape Attorney General Loretta Lynchâ€™s agenda,REAL
The Militarized Police at Standing Rock is Working for This Man,FAKE
Bundy Ranch occupiers acquitted on all counts after challenging the corrupt Bureau of Land Management,FAKE
The Truth About Atlantis [Video],FAKE
Major Corporate Sponsors Are Scaling Back Support for GOP Convention,REAL
Admit it: You love Tax Day! (Opinion),REAL
Western QLD Drovers Show Solidarity With C.U.B Workers By Only Drinking Sauv Blanc â€“ The Betoota Advocate,FAKE
CNBC Just Confirmed Comey Is Abusing His Power To Help Trump,FAKE
JASON CHAFFETZ EXPOSED HILLARY CLINTONâ€™S PLAN TO BRIBE FBI AGENTS TO LET HER GO,FAKE
Obama On Baltimore: 'This Is Not New',REAL
US Not Ruling Out Daesh Involvement in Afghanistan Offensive,FAKE
The United States Is Pre-Positioning â€œEnemy Assetsâ€ In Preparation For A Rigged Election,FAKE
Booze Brands Polarize Just Like Politicians,REAL
Why Greece and Iran seem willing to take on the world (+video),REAL
Comment on â€œThis is My Second Oneâ€ â€” Virginia Cop Caught Bragging About Killing Two Unarmed People by Jamieson,FAKE
"Hillary Clinton Promises Steady Leadership, More Jobs in Historic Speech",REAL
News: Election Night Disaster: John King Tapped His Electoral College Map Too Hard And Fell Headfirst Into A Digital Hellscape,FAKE
CLINTON EMAIL INVESTIGATION HAS SHIFTED THE POLLS SIGNIFICANTLY IN TRUMPâ€™S FAVOR,FAKE
"People Power! Natives declare treaty rights, police admit defeat - cite lack of 'manpower' to remove DAPL protesters",FAKE
Obama: U.S. cannot solve the world's problems alone,REAL
How hackers eroded Americans' trust in democratic process,REAL
Boy With Autism Makes His First Friend Ever And His Mom Canâ€™t Stop Crying,FAKE
Julian Assange October Surprise REVEALED,FAKE
First Contact Film Trailer,FAKE
370 Economists Sign Letter Urging America Not To Vote For Donald Trump,FAKE
"Here come the jobs, finally",REAL
What Walker's Departure Means for GOP Field,REAL
Julian Assange Ends The Suspense: â€œThe Source Of Hacked Emails Is Not Russiaâ€,FAKE
Dem Operative Who Oversaw Trump Rally Agitators Visited White House 342 Times,REAL
TRUMP TSUNAMI INCOMING: What Trump Did In Florida Today Will Make Him President!,FAKE
Trumpâ€™s Star Vandalized On Hollywood Walk Of Fame - The Onion - America's Finest News Source,FAKE
Obamaâ€™s trip to Ethiopia alarms some human rights activists,REAL
Nearly All Wild Animals Face Mass Extinction By 2020,FAKE
Illegal Immigrants Could Elect Hillary,REAL
15 Foods That Contain the Most Vitamin E | Alternative,FAKE
TREY GOWDY: â€œWHAT IN THE WORD IS LORETTA LYNCH DOING TALKING TO COMEYâ€,FAKE
The Northern Sea Route: New Prospects for the Pacific Rim | New Eastern Outlook,FAKE
Cruz campaign: We could have stopped Trump if Rubio became running mate,REAL
FREE Summit from Health Experts Teaches About Healthy Fats to Reverse Disease and Lose Weight,FAKE
Kentucky governor: Electing Hillary Clinton may eventually lead to violence,REAL
Contaminated Food from China Now Entering the U.S. Under the 'Organic' Label,FAKE
Forget Wikileaks...this is the real October Surprise that is going to stop Hillary,FAKE
Donald Trump: The next President of the United States of America,FAKE
14 Days and Counting-There Will Be a Civil War No Matter Who Wins the Election,FAKE
Internet Is On Fire With Speculation That Podesta Emails Contain Code for Child Sex,FAKE
Inside Jeb's 'shock and awe' launch,REAL
Southern Poverty Law Center Targets Anti-Jihad Crusaders (Ann Corcoran Honored!),FAKE
Babylon Mystery Religion Series,FAKE
Relief efforts to find survivors intensify amid powerful aftershocks,REAL
The early 2016 primary calendar is now set. It will change.,REAL
Trump: I wouldn't accept Cruz's endorsement,REAL
Confirmed: Public overwhelmingly (10-to-1) says media want Hillary to win,FAKE
"Mitt Romney Calls Donald Trump 'A Phony, A Fraud'; Trump Hits Back",REAL
"In Jamaica, Obama indicates that he will remove Cuba from terrorism list",REAL
Turkey Rounds Up Erdoganâ€™s Political Opponents as Crackdown Widens,FAKE
Trump controlled by Mossad,FAKE
THE POLLS CAN NO LONGER BE RIGGED THIS ELECTION,FAKE
New Lunar Craters Mystery | Space News,FAKE
Cruz's immigration gambit,REAL
Donald Trump Wins The Presidency In Historic Victory,FAKE
Trump slams GOP nominating process as top aide accuses Cruz of 'gestapo tactics' to win delegates,REAL
Battle for the Ages,FAKE
Discrimination and Condemnation: Australiaâ€™s War on Boat People,FAKE
Obama hits the trail for Hillary Clinton: Will he help or hurt?,REAL
Scaliaâ€™s death comes just a month before the courtâ€™s biggest abortion case in years,REAL
The Empire Files: Inside Palestine's Refugee Camps,FAKE
New Saudi king ascends to the throne as terrorism threat grows,REAL
"With Another Deadline Looming, Whispers Of Iran Nuclear Deal Emerge",REAL
Donald Trump's Clintonesque foreign policy,REAL
The Israeli Trumpess,FAKE
Comment on Sheriff Says Cannabis Makes People Murderers Because â€œRational Thoughtâ€ Leads to Violence by Isaid Dilligaf,FAKE
Seven World-Historical Achievements of the Iraq Invasion of 2003,FAKE
Major Voter Fraud Already Running Rampant Against Republicans,FAKE
The REAL REASON Hillary Was Not Prosecuted For Her Email Scandal Will Infuriate You,FAKE
Why Rachel Dolezal's assertion that she is black could pave way for folks choosing a 'racial identity',REAL
Brexit and the Law,FAKE
Tsarnaev Mom: Americans Are â€˜Terroristsâ€™,REAL
It isnâ€™t â€˜Islamophobiaâ€™ when an Oklahoma GOP State Rep. says â€œIslam is a cancer in our nation that needs to be cut outâ€,FAKE
WELCOME TO PARIS where tour buses have to navigate around all the new Muslim tent cities filling the streets,FAKE
Clinton braces for Nevada nail-biter,REAL
The Israeli Trumpess,FAKE
US Insiders â€“ Not Russia â€“ Leaked Clinton Emails,FAKE
Is This Why The Smash In Gold & Silver Is Happening? A Shocking Game-Changer For Gold & Silver Is Now Unfoldingâ€¦,FAKE
Dad in weird mood since 2004,FAKE
NATO Buildup in Eastern Europe: â€˜Weâ€™ve Only Seen the Tip of the Icebergâ€™,FAKE
California & Oregon Want To Secede From The U.S. After Trump Election,FAKE
Here are the top five things to watch in tonight's debate,REAL
The NRA Just Admitted It Was Always Lying About Obama Confiscating Guns,FAKE
"Head Of Medicare, Who Oversaw Obamacare Rollout, Will Step Down",REAL
Republican Protester Says He Was Nearly Killed After Trump Says â€˜Take Him Outâ€™,FAKE
"Donald Trump, president of the Confederacy: The Southern strategy created the GOP civil war",REAL
"Former Miss Finland accuses Trump of sexual assault, bringing number of accusers to 12",FAKE
Kerry orders State Department review of records retention amid Clinton email controversy,REAL
United States Â– Reformation or Fracture?,FAKE
A sharp exchange over election-year polling offers thoughts for the rest of us,REAL
Romneyâ€™s reboot: Can the 2012 loser really fix his problems in 2016?,REAL
Is it possible to fix the polarization of American politics?,REAL
CETA: Canada Has Challenged The EUâ€™s Chemical Regulations 21 Times,FAKE
Tiny Homes Banned In U.S. At Increasing Rate As Govt Criminalizes Sustainable Living,FAKE
"Life: When These Third-Graders Saw Their Classmate Didnâ€™t Have A Lunch, They Kept Feeding Him More And More Lunches Until He Clogged The Door And Got School Canceled",FAKE
US faces calls to â€˜walk awayâ€™ from Iran talks,REAL
Netanyahu warns supporters he may lose in Tuesdayâ€™s election,REAL
Harry Reid Calls Trade Push By Obama And GOP 'Insanity',REAL
Sex and the Presidential City,FAKE
San Bernardino massacre: A horror that affects us all,REAL
Netanyahu's Iran Speech: Why it's important for Congress to at least listen to Israel's leader,REAL
Obama: Warren 'Absolutely Wrong' On Trade Deal,REAL
The Guardian is Going Friggin Nuts Over Calais,FAKE
Swing-state stunner: Trump has edge in key states,REAL
AUSTRIAN DISGRACE: No jail for Muslim migrant who dumped his own baby in the middle of the road after he got drunk and enraged,FAKE
The Modern History of Â‘RiggedÂ’ US Elections,FAKE
Carly Fiorina will appear in top-tier Reagan Library debate,REAL
STRANGE THING moving up Alaskaâ€™s Chena River caught on video,FAKE
Trump Expected to Name Running Mate Soon: Looking for an 'Attack Dog',REAL
President Obamaâ€™s Interview With Samantha Bee Will Have You Rolling On The Floor Laughing (VIDEO),FAKE
The End of the Road for John Kasich,REAL
Why Negotiators At Paris Climate Talks Are Tossing The Kyoto Model,REAL
"WHAT HAPPENED? In 2014, Quebec tried to pass a Charter that would have banned all religious attire in public, specifically to prevent Muslim women from hiding their faces",FAKE
Election 2016 and the Growing Global Nuclear Threat,FAKE
"How Barack will juggle Bibi, Vlad and Hillary",REAL
Pentagon: No Plan â€˜So Farâ€™ For US Troops to Enter Mosul,FAKE
Russian pianist Denis Matsuev terrorized in US for supporting Putin,FAKE
"In Rand Paul and Marco Rubioâ€™s feud over Cuba policy, a preview of GOPâ€™s 2016 foreign policy debate",REAL
Former GOP Representative Calls For Armed Insurrection (VIDEO),FAKE
Jeb Bush blames Iraq unrest on Obama,REAL
Cop Versus Two Informed Teens who Refuse to Submit to an Unlawful Detainment,FAKE
Al Qaeda rep says group directed Paris magazine attack; US issues travel warning,REAL
Did Trump Make a â€œSecret Deal NOT To Prosecute Hillaryâ€ In Exchange for Her Concession?,FAKE
What 'Draw Muhammad' shootings say about Islamic State reach (+video),REAL
4 Truly Important Items for Your Post-Election List of Things to Protest,FAKE
Public vs. Media on War,FAKE
"In Baltimore's call for federal police probe, a new search for answers (+video)",REAL
Freedom Rider: Organizing in the Age of Hillary,FAKE
The Iowa caucuses are closer than you think,REAL
Entering U.S. as refugees would be hard for terrorists,REAL
"As Crooked HIllary Investigation Reopens, Democrat Cities Push To Allow Illegal Immigrants Voting",FAKE
CNN Calls Sheriff Clarke A â€˜Terroristâ€™ After Trump Considers Giving Him An Incredible New Job | EndingFed News Network,FAKE
Town in Wisconsin Passes Law That Fines Parents of Bullies,FAKE
Here's why moderate Republicans aren't running for Congress anymore,REAL
"Supreme Court to consider redefining 'one-person, one-vote' principle",REAL
Iowa nightmare revisited: Was correct winner called on caucus night?,REAL
FBI Investigating New Clinton Emails - The Onion - America's Finest News Source,FAKE
"In a revealing interview, Trump predicts a â€˜massive recessionâ€™ but intends to eliminate the national debt in 8 years",REAL
Euro-Russian Mars Lander May Have Exploded Due to Software Glitch,FAKE
The Limitations of Randomised Controlled Trials,FAKE
Climate change: What you can do (Opinion),REAL
Obama: Gov. Scott Walker needs to â€˜bone upâ€™ on foreign policy,REAL
Watch: Obama criticizes Kenya's president on gay rights as they stand right by each other,REAL
Shallow 5.4 magnitude earthquake rattles central Italy; shakes buildings in Rome,FAKE
Obamaâ€™s plan to boost defense budget points to brewing national security debate,REAL
What Trump and Clinton are looking for in a VP,REAL
Trumps Hollywood Walk of Fame star Destroyed with a Sledgehammer and Pick,FAKE
The GOPâ€™s nuclear option for Donald Trump: Why the only way to beat him is so scary,REAL
Checking a claim that 'nobody did anything wrong' on Benghazi,REAL
Who's winning Indiana? It's anybody's guess,REAL
"Palinâ€™s endorsement the latest prize as Trump, Cruz battle for conservatives",REAL
Refugee Resettlement Watch: Swept Away In North Carolina,FAKE
Unravelling Chattanooga: What do we know about shooter?,REAL
November Kale,FAKE
'There appear to be no rules anymore',REAL
"University of Missouri, please immediately fire employees who taunted media",REAL
How Trump vs. Clinton could reshape the electoral map,REAL
Trump ups the ante in Indiana,REAL
"Plutocrats love Jeb, but voters donâ€™t: Bushâ€™s â€œelectabilityâ€ argument is getting even weaker",REAL
300 US Marines Deployed To Norway Near Russian Border For First Time Since World War II,FAKE
Julian Assange: Why We Published What We Have on the US Elections,FAKE
Pakistan expels India diplomat in tit-for-tat move,FAKE
News Shot: Detroit Airport Uses New System To Control Travelers,FAKE
"Chris Christie: If I Run, I Will Beat Hillary Clinton",REAL
"Christie Hides $800,000 in Travel Bills",REAL
Russia deploys missiles in Syria after Turkey shoots down bomber,REAL
Lawbreaking AirBnB At It Again: Sends Out Spam That Violates CAN-SPAM Act,FAKE
Marco Rubio self-destructs in New Hampshire,REAL
"Comment on Entitled Customer Slams Restaurant On Yelp, What Happens Next Is Sheer Badassery by customize your own jerseys",FAKE
Exclusive: Foreign Isis Fighters Defend Mosul Frontline as Locals Flee,FAKE
The President Of The United States of America: Donald J. Trump,FAKE
The GOP Is Dying Off. Literally.,REAL
Michael Bloomberg Names Technological Unemployment as the Next Administrationâ€™s â€œGreatest Conundrumâ€,FAKE
Carly Fiorina swipes at Trump: â€˜Look at this face.â€™,REAL
Where Donald Trump and Hillary Clinton stand on economic issues,REAL
Can Anyone Beat Trump in the Primary? History Says No,REAL
"Morning Plum: Get ready for another ideological death struggle, this time over climate",REAL
Two Points About the Hillary Clinton Email Fiasco,FAKE
IT Firm Wins $63Mln US Army Contract in South Korea - NCI,FAKE
"Terror attack over, 147 dead at Kenya university",REAL
"Wall Street, Hollywood, The Media And SJWs Fail To Stop Donald Trump From Becoming Americaâ€™s 45th President",FAKE
Robert Durst of HBO's 'The Jinx' charged with murder,REAL
Why the Iraq offensive will fail,REAL
Hope and hype of Hiroshima canâ€™t conceal Obamaâ€™s dismal record on nuclear disarmament,REAL
"650,000 Emails Found On Anthony Weinerâ€™s Laptop; DOJ Blocked Foundation Probe",FAKE
Congress Undermines U.S. Global Economic Standing,REAL
Iran nuclear talks: What if the deal falls through?,REAL
Electionâ€™s Rape And Sexual Assault Accusations Need to Be Taken Seriously,FAKE
Democratic convention: passionate end to day one steadies early drama,REAL
The GOP's big-money plan to save the Senate,REAL
It Turns Out Trump Put off Investigators for 6 Months While He Destroyed Emails,FAKE
Russian Navy Moves Guided Missile Ships to Baltic,FAKE
Cruz blasts Trump as phony conservative in front of CPAC crowd,REAL
Taking Trump votersâ€™ concerns seriously means listening to what theyâ€™re actually saying,REAL
Donald Trumpâ€™s campaign of terror: How a billionaire channeled his authoritarian rage â€” and soared to the top of the polls,REAL
BRICS Countries to Invest $500 Million in Russian Gold Deposit - Kira Egorova,FAKE
â€œThere is such a thing as being too lateâ€: Obama issues a desperate call for a global climate deal,REAL
Hybrid Wars 8. Strategies Against Africa â€“ Introduction,FAKE
Weâ€™re All Going To Lose On November 8th: Get Prepped With This Post-Election Chaos Checklist (VIDEO),FAKE
HIV â€˜Cureâ€™ Almost Complete after Scientists Remove Virusâ€™s DNA from Living Tissue,FAKE
Vortex Structured Water [Video],FAKE
Missing on GOP debate stage: A future president (Opinion),REAL
Senators Seek â€˜Living Wageâ€™ for Capitol Hill Contractors,REAL
Brian Williams Under Fire Over His Shifting Story Of Iraq Helicopter Attack,REAL
Getting 10 Minutes of Sunlight Per Day Can Stop Depression,FAKE
AUSTRIA: Freedom Party leader calls Chancellor Angela Merkel the â€œmost dangerous woman in Europeâ€,FAKE
The Sex Scandal That Could Change The Election,FAKE
Obama administration announces halt on new coal leases,REAL
"ObamaCare has cancer. And if itâ€™s not treated quickly and aggressively, it will die",REAL
OFF TOPIC: Unlike Muslimsâ€¦horses actually do have a sense of humor,FAKE
This Irish TV channel killed their weather presenter for Halloween,FAKE
Scientists Claim To Have Found 234 Alien Civilizations,FAKE
I Am A Syrian Living in Syria: â€œIt was Never a Revolution nor a Civil War. The Terrorists are sent by your Governmentâ€,FAKE
President Obama's persistent and puzzling passivity on terrorism,REAL
Baby Bonds: A Plan for Black/White Wealth Equality Conservatives Could Love?,FAKE
Two-time world champion in kickboxing killed in Moscow. Video,FAKE
Jeb's invisible man strategy,REAL
"Death of millions of Yemenis in the ""forgotten war""",FAKE
"Charlie Hebdo attack: Suspects' names, photos released",REAL
Why the Ted Cruz-Marco Rubio debate mattered most (+video),REAL
"David Sweat shot, captured alive after New York manhunt",REAL
Texas county switches to 'emergency paper ballots',FAKE
"Police Family Fakes Robbery, Vandalizes Own Home to Blame it On Black Lives Matter",FAKE
"Obama opens up on Iran: What he's learned about war, Republicans, and his foreign policy",REAL
Why Bernie Sanders's campaign makes me worry about how heâ€™ll manage the White House,REAL
What DNC Donors REALLY think of African Americans,FAKE
Leaked email shows Monsanto Executive V.P. invited to 'Hillraiser' fundraiser to put Clinton into the White House for Monsanto's benefit,FAKE
Clintons Are Under Multiple FBI Investigations as Agents Are Stymied,FAKE
"First Iraqi Troops Enter Mosul, But Fighting Remains Largely in Suburbs",FAKE
SHOCK VIDEO : Hillary Needs Help Climbing ONE SINGLE STEP in Florida â€“ TruthFeed,FAKE
"After vowing to end two wars, Obama may leave three behind",REAL
Climate Engineering And Cryosphere Collapse,FAKE
Donald Trump Wins The Presidency In Historic Mandate Victory As Hillary Clinton Concedes,FAKE
"Illegal Thug Returns After Deported Twice, Gives Sick â€˜Giftâ€™ To Girlfriend",FAKE
Barack Obama Marks 50th Anniversary Of 'Bloody Sunday' With Powerful Speech In Selma,REAL
"Ryan meets Trump, says â€˜very encouragedâ€™ but unity will take time",REAL
Eleven States Sue Obama Admin. over Transgender Directive,REAL
A brutal spoof advert for the new Macbook that highlights everything it doesnâ€™t have,FAKE
"US sailors freed by Iranians. No US apology issued, says Joe Biden",REAL
Could This Be the Real 'Super Tuesday'? A Look at What's at Stake,REAL
"Thanks to Obama, the terrorist cancer is growing",FAKE
"Politico Tries to Destroy Trump, But It Backfires IMMEDIATELY",FAKE
ICE Agent Commits Suicide in NYC; Leaves Note Revealing Govâ€™t Plans to Round-up & DISARM Americans During Economic & Bank Collapse | EndingFed News Network,FAKE
Gold prices on the way to all-time highs,FAKE
Trump doesnâ€™t have a national campaign. So the GOP is trying to run one for him.,REAL
Republicans in Congress are ready for Hillary as they prepare for new probes into Clinton Foundation,FAKE
Some GOP elites arenâ€™t quite convinced by Trump charm offensive,REAL
Puh-LEEZE! DOJâ€™s â€˜policyâ€™ reminder to FBI is shameless (especially considering THIS) â€“ twitchy.com,FAKE
Show biz: Business and breakthroughs,FAKE
Canada Just Threw A Grenade Into Elizabeth Warren's Trade Fight With Obama,REAL
"New Company Aims To Explore Intersection Of Technology, Other Thing - The Onion - America's Finest News Source",FAKE
When Will It End? Police Clash with Pipeline Protesters,FAKE
GOP Debate Round 3: Expect Another Wild Night,REAL
A List of Best Password Managers Offering Both Free and Premium Services,FAKE
New bionic eye implant connects directly to brain,REAL
GLOBAL WARMING ALARMISTS DISAPPOINTED THAT HURRICANE MATTHEW WASNâ€™T WORSE,FAKE
His campaignâ€™s statement that Trump accepts the truth of Obamaâ€™s birthplace is filled with falsehoods,REAL
"White House, Dems seek to water down Iran bill",REAL
Reporter says Clinton camp denying him access to events,REAL
Congress's fight over Iran deal enters new phase,REAL
Why LeBron Jamesâ€™s Endorsement Could Help Clinton Retake Ohio,REAL
White House warns Congress: Fight Zika or live to regret it,REAL
Cuba has a possible lung cancer vaccine that America can now test,REAL
FBI REDUX: Whatâ€™s Behind New Probe into Hillary Clinton Emails?,FAKE
"Hillary Isnâ€™t Only One Who Suffers Memory Loss, Look What Bill Just Didâ€¦.",FAKE
White House counsel reportedly kept in dark on Clintonâ€™s personal email use,REAL
Iran talks to be extended another day,REAL
Our Debt to Paula Jones,FAKE
â€œBillionaireâ€ Donald Trumpâ€™s Presidential Campaign Is Flat Out Broke,FAKE
Reasons to Risk Nuclear Annihilation,FAKE
Election 2016: Clinton email stumble fuels Dem critics,REAL
"Kurdish forces, backed by U.S. airstrikes, launch offensive in Iraq",REAL
BAHAHA! Wanna bet Hillary made THIS face when she found out about the FBI? [photo],FAKE
Comment on The Science is â€œOverwhelming At This Pointâ€ Wifi Industry Appeals Brain Tumor Association Ordinance by THE SCIENCE IS â€œOVERWHELMING AT THIS POINTâ€ WIFI INDUSTRY APPEALS BRAIN TUMOR ASSOCIATION ORDINANC - WAKING SCIENCE,FAKE
"â€œWe won, you lost, get over itâ€ Brexiters told outside High Court",FAKE
Political Correctness for Yuengling Brewery; What About Our Opioid Epidemic?,FAKE
"As Always, U.S. Adores a Good Sex Scandal",REAL
Migrants Refuse To Leave Train At Refugee Camp In Hungary,REAL
Biden previews battle against Clinton,REAL
Links 11/11/16,FAKE
VIDEO : Sean Hannity â€œThe American People Have Finally Been Heardâ€ â€“ TruthFeed,FAKE
"Mike Brown Family Suing Ferguson, Wilson",REAL
SWEDISH OUTRAGE as Muslim colonizers get preference for housing while native Swedes are out in the cold,FAKE
U.S. LAWMAKERS RAISE PRIVACY CONCERNS OVER NEW HACKING RULES,FAKE
Sandersâ€™ challenge: Winning over Obama supporters,REAL
U.S. Currency Hidden Images,FAKE
GOP lands no solid punches while sparring with Clinton over Benghazi,REAL
"A nuclear deal has been reached, but Iran must free Jason Rezaian",REAL
"South Carolina, Nevada polls find Clinton far ahead",REAL
Will Hillary Clinton lose the election because of the FBI email investigation?,REAL
"Monsanto Behind 4-Years-in-the-Making, Failed Peace Deal in Colombia",FAKE
Oathkeepers to Prevent Voter Fraud- Operation Sabot,FAKE
Non-mainstream poll shows Trump poised to win with 76% chance,FAKE
Stossel: Why Marco Rubio and Hillary Clinton are 2016's likely nominees,REAL
The Source of our Rage       :,FAKE
Donald Trump Campaign Manager Is Out,REAL
"We must smash the Clinton machine: Democratic elites and the media sold out to Hillary this time, but change is coming",REAL
5 takeaways from the first presidential debate,REAL
"@POTUS joins Twitter, jokes with @BillClinton",REAL
Trump Supporters Booby Trap Polling Place And Spill Blood Of Election Volunteer (VIDEO) | Addicting Info | The Knowledge You Crave,FAKE
Obama on 'The Daily Show:' What happened to common conversation? (+video),REAL
Itâ€™s not about mental illness: The big lie that always follows mass shootings by white males,REAL
GOP Candidates Say Paris Attacks Highlight U.S. Leadership Failure,REAL
Report: Freddie Gray sustained injury in police van,REAL
"Sure, We Want An Honest And Trustworthy President, But It's Complicated",REAL
"Comment on â€˜Voting Is Rigged & Used To Pacify The Publicâ€™ Says Three-Time US Presidential Candidate Ron Paul by Anonymous: There Is No One Way To Live On This Planet, But We Can Be Harmonious â€“ Collective Evolution",FAKE
The Pope vs. America,REAL
Bernie Sanders to announce 2016 intentions on Thursday,REAL
The problem with Cruz and Kasich aligning to stop Donald Trump,REAL
Brexiters set up demented â€˜peopleâ€™s courtsâ€™,FAKE
"Prime Minister of France says, â€œif we grant immediate asylum to illegal alien Muslim invaders, by tomorrow they will be speaking French and sharing French valuesâ€",FAKE
US Presidential Elections Sound a Warning of Catastrophes to Come,FAKE
The Overwhelming Stress of Being Denied a Bathroom,REAL
DONALD TRUMP & DEUTSCHE BANK: DID CLINTONS LEAN ON US JUSTICE DEPARTMENT?,FAKE
Why You Should Stop Apologizing for Doing All That You Can,FAKE
Clinton Gets Back In The Game After Blowout Loss To Sanders In N.H.,REAL
WikiLeaks Documents Reveal United Nations Interest In UFOs,FAKE
The Senate's 46 Democrats got 20 million more votes than its 54 Republicans,REAL
Fashwave Friday: Endgame,FAKE
"Blog: If Donald Trump Pardons Me, I Would Be Honored To Serve As Secretary Of Agriculture",FAKE
Hung jury in Jodi Arias sentencing phase removes possibility of death sentence,REAL
Chris Christie Bolsters Political Team as Allies Launch Super PAC,REAL
Re: Why Did Attorney General Loretta Lynch Plead The Fifth?,FAKE
The Fear of Being Gay in Russia,REAL
Federal court: NSA phone record collection is excessive,REAL
BREAKING: THE REAL REASON HILLARY CLINTON WONT BE CHARGED BY THE FBI,FAKE
"Blame Government, Not Markets, for Monopoly",FAKE
Michael Oliver â€“ Here Is The Big Picture For Gold After The Takedown,FAKE
Hillary Clinton speech to attack Donald Trump's 'dangerous' foreign policy plans,REAL
â€˜Take The Money!!â€™: Emails Show How Clinton Campaign Manages Lobbyist Donations,REAL
Military op to retake Mosul from ISIS,FAKE
"Iowa caucus results: Ted Cruz wins, Hillary Clinton declares victory",REAL
"Lesson learned? Goldman Sachs says not to expect ""Brexit-type surprise"" on Nov. 8",FAKE
Three Ways to Recharge Your Energy Using Crystals,FAKE
"Obama Spends Earth Day In The Everglades, Taunting Republicans On Climate Change",REAL
Donald Trump doesn't challenge anti-Muslim questioner,REAL
Lawyer Who Kept Hillary Campaign Chief Out of Jail in DOJ Hillary Probe,FAKE
"Trump claims GOP nomination, tells struggling Americans 'I am your voice'",REAL
Quit Smoking! Smoking Cigarettes Causes 150 Genetic Mutations and Cancer,FAKE
Claire McCaskill Accuses Marco Rubio Of Shirking Principles On Immigration,REAL
"Obamacare Is Back At The Supreme Court, And These 6 Lives Hang In The Balance",REAL
4 Things The New Hampshire Primary Will Tell Us,REAL
The Latest ABC/WaPo Poll Has the Hillary Campaign Sounding the Alarms,FAKE
"32,000 emails recovered in IRS targeting probe amid allegations agency chief may have lied",REAL
Banana Republic Election in the United States?,FAKE
TIME MAGAZINE Reaches NEW LOW: Itâ€™s â€œSexistâ€ To Investigate Hillary Clinton!â€,FAKE
"If Donald Trump Wins The Election, It Will Be The Biggest Miracle In US Political History",FAKE
"Comment on Creating a National Security State â€˜Democracy,â€™ Or How the American Political System Changed and No One Noticed by James Miller",FAKE
Superbug cases spur FDA warning on dirty medical scopes,REAL
PATRIOT Act At 15: Do You Feel Safer?,FAKE
The 8th Democratic Debate In 100 Words (And 4 Videos),REAL
"Rebels Escalate Attacks on Western Aleppo, Killing 12 Civilians",FAKE
Militias prepare for election unrest while Christians fast,FAKE
Saudi Arabia to behead disabled man for taking part in protests,FAKE
Donald Trump threatens to jail Hillary Clinton in second presidential debate,REAL
Cars That Broke Bad,FAKE
â€œHas science gone too far?â€,FAKE
Tics and tricks: Here's what Trump and Clinton's body language reveals,REAL
Green Partyâ€™s Margaret Flowers Challenges US Senate Debate in Maryland as Undemocratic,FAKE
Obama ISIS war authorization: Request sent to Congress,REAL
Donald Trump's Problems Are Much Deeper Than A Campaign Manager,REAL
Marcus Mumford after Bundy verdict.,FAKE
#2816: Clinton Prideâ€™s 8(a) Pig Farm Bridge â€“ Serco Zulu Server Snuff â€“Soros's Patented Voter Key,FAKE
"Obama's Presidential Library Will Be In Chicago, Foundation Announces",REAL
Republicans are crossing a dangerous new line: sabotaging US foreign policy,REAL
Bully Backs Blowhard for President: Now Christie Likes Trump,REAL
Adelson's Review-Journal Gives Trump First Major Endorsement,REAL
"Jebâ€™s Sad, Quixotic South Carolina Slog",REAL
"U.S. strike believed to have killed â€˜Jihadi John,â€™ Islamic State executioner",REAL
Dems File Complaint w/DOJ Against FBI for Investigating Hillary,FAKE
Tradesman keeps promise,FAKE
"Clinton, Trump and Obama aren't telling American workers the truth. Here it is",REAL
"BREAKING : LGBT Group Endorses Trump, Says, â€œHillary is Detrimental for Gaysâ€ â€“ TruthFeed",FAKE
The Political Songs Of Leonard Cohen,FAKE
Alabama Sen. Sessions Backs Trumpâ€™s Immigration Platform,REAL
Gary Johnsonâ€™s Post-Debate Reactions,REAL
How the Oligarchy Has Prepared the Groundwork for Stealing the Election,FAKE
Reince Priebus is in over his head,REAL
New Leak Exposes Hillaryâ€™s Real Plan For Clinton Foundation Foreign Donors,FAKE
Excruciating choice for GOP leaders: Take a risk on Trump?,REAL
WIKILEAKS : Hillary Receiving Donations from Radical Muslims in Turkey â€“ TruthFeed,FAKE
Identity of ISIS terrorist known as 'Jihadi John' reportedly revealed,REAL
Jeremy Vine already tripping his tits off,FAKE
â€œHomicides Up 55 Percentâ€â€“Chicago Stays Vibrant,FAKE
Jake Tapper to moderate 's first GOP debate,REAL
"After tragic shooting, Charleston church reopens with prayer, songs and tears",REAL
Acting out of weakness? Why Obama's dangerously wrong about Putin's intentions in Syria,REAL
"Black Agenda Radio for Week of Nov. 7, 2016",FAKE
Juror in Oregon militia trial dismissed for bias: judge,FAKE
An Angry John Podesta Issues A Statement On â€œReopeningâ€ Of FBI Probe,FAKE
300 US Marines To Be Deployed To Russian Border In Norway,FAKE
"Jordanian fighter jets strike hard at ISIS, pay tribute to murdered pilot",REAL
ISIS shoots down Russian helicopter near Palmyra (VIDEO+PHOTOS),FAKE
The Sad Evolution Of Education Summed Up By One Meme,FAKE
Obama Plans to Press Ahead With Guantanamo Bay Closure,REAL
German Defense Minister warns Donald Trump to stay away from Russia and commit full to NATO,FAKE
Netanyahu walks back Palestinian state comment,REAL
Trump Votes Are Being Flipped To Clinton,FAKE
Angela Merkel to Visit White House on Feb. 9,REAL
Will Nancy Pelosi miss John Boehner? Depends.,REAL
War is eminent,FAKE
Why Obama Has His Work Cut Out For Him On Getting Trade Votes,REAL
Women Should Vote With Their Husbands,FAKE
"Trump wonâ€™t commit to accepting election results, at fiery final debate with Clinton",REAL
What do Americans really think about abortion? The answer may surprise you.,REAL
"They Said What?!: Find Out What Reba McEntire, Whoopi Goldberg, And Pope Francis Have To Say",FAKE
Was California The Last Weekend At Bernie's House Of Hope?,REAL
Media Roll Out Welcome Mat for â€˜Humanitarianâ€™ War in Syria,FAKE
Nuclear weapons: how foreign hotspots could test Trumpâ€™s finger on the trigger,FAKE
Milestone House Vote Would Take Health Care Away From Millions,REAL
"China, Russia, The Silk Road, Commodities, Nixon And A Massive Bull Market In Gold & Silver",FAKE
"Yes, Bernie Polls Better Against Trump Than Hillaryâ€”but Thereâ€™s a Catch",REAL
EgyptAir crash: official dismisses claim that remains suggest blast,REAL
Twitter has been looking into the future: read the best 16 predictions,FAKE
Powerful Photo Series Challenges Societyâ€™s Perception Of The Obese,FAKE
"Trump suggests he might have prevented 9/11 attacks, extending feud with Bush",REAL
How far can campaigns go to win support from a Republican delegate?,REAL
Theyâ€™re already trying to steal 2016: Inside the GOP voting-rights scheme intended to derail democracy,REAL
The People Are Laughing at the Liberal Media,FAKE
"Cruz eyes insurance via Obamacare, a law he vows to scrap (+video)",REAL
"On climate change, ideological and partisan polarization hardens",REAL
#DraftOurDaughters: Pro-War Hillary Faces Backlash Over Female Draft,FAKE
Neither Bush nor Rubio is placing above 4th in Iowa or New Hampshire,REAL
From Berkeley to Kent State,FAKE
High Court Ruling Against Gay Marriage Would Produce 'Chaos',REAL
"Shift in Cuba politics boosts Obama, challenges Rubio",REAL
"Giuliani, suggesting Trump may have â€˜exaggeratedâ€™ in lewd comments, says, â€˜talk and action are two different thingsâ€™",REAL
Twenty Years of a Dictatorial Democracy     : Information,FAKE
"Decorated â€˜Heroâ€™ Cop Caught Using His Authority to Steal $170,000 in State Fees",FAKE
Cop Caught on His Own Body Camera Stealing Money From Unconscious Crash Victim,FAKE
Scott Walkerâ€™s economic mess: How worker wages were gutted in Wisconsin,REAL
Clinton Aide Says Future WikiLeaks Releases Are 'Probably Fake',FAKE
California slashes water use for upstate farmers,REAL
Re: French Political Leader: â€œFrance is about to Enter a Holy War with Islamâ€ â€“ â€œEmbrace Christianityâ€¦ Never Accept the Religion of Satanâ€,FAKE
Bernie Sanders is unleashing a plan to make prescription drugs cheaper,REAL
John Podestaâ€™s New Global Order,FAKE
Hipster dog only likes 80s dog food that you canâ€™t get any more,FAKE
Press release on Foreign Minister Sergey Lavrovâ€™s meeting with Namibian Deputy Prime Minister and Minister of International Relations and Cooperation Netumbo Nandi-Ndaitwah - Russia News Now,FAKE
Boehner 'baffled' by Israeli spying report,REAL
12 and 63-minute videos: Donald Trump connects to false flag targeting Muslims. Did you really think our â€˜mastersâ€™ offer anything other than false choice between Left and Right arms of a .01% US rogue state?,FAKE
Tribute to the Last Honorable US Senator: The Story of Paul Wellstoneâ€™s Suspected Assassination,FAKE
Thereâ€™s a good reason protesters at the University of Missouri didnâ€™t want the media around,REAL
Putin: Crimean Integration Into Russian Legal Framework Goes Forward,FAKE
Comment on 10 Strange Facts About Our Presidents by tania de saram,FAKE
French Political Leader: â€œFrance is about to Enter a Holy War with Islamâ€ â€“ â€œEmbrace Christianityâ€¦ Never Accept the Religion of Satanâ€,FAKE
Matt Bevin is the next governor of Kentucky. He has President Obama to thank.,REAL
"Fear of Trump sparking a surge in citizenship, voter applications",REAL
Dr. Duke and Andrew Anglin discuss the most important vote and election of our lives!,FAKE
John Roberts helps overthrow the Constitution,REAL
Poll gives Biden edge over Clinton against GOP candidates; VP meets with Trumka,REAL
UNâ€™s Yemen Peace Plan Would Sideline Former President Hadi,FAKE
Pope Francisâ€™ address to Congress: what it means for six Catholic lawmakers (+video),REAL
Kasich: â€˜My Republican Party doesnâ€™t like ideasâ€™,REAL
Experts Speechless! Countless People Miraculously Relieved of Serious Illness & Diseases-Must See!,FAKE
What does Rick Perry have?,REAL
"Minnesota Man Arrested, Sentenced to 6-Months in Jail for Having a Windmill On His Property",FAKE
"This is tyranny not democracy, says party with single MP",FAKE
Re: DePaul: â€œUnborn Lives Matterâ€ Posters Are Veiled Bigotry,FAKE
Bill Clintonâ€™s Lover: He Called Ruthless Hillary â€˜The Wardenâ€™,FAKE
Did You Notice Anything Different In The MSM Lately?,FAKE
BOMBSHELL: Hillary Clintonâ€™s Leaked Audio Proves She Rigs Elections,FAKE
Rubio reignites Cuba debate with Senate hearing,REAL
Lester Holt: presidential debate moderator and proven fact-checker,REAL
Patriots Day 2015: Boston does not stand alone,REAL
| Man whose son was killed by illegal immigrant files two suits against feds,FAKE
Mitt Romney to give big speech on 2016 race. Joining #NeverTrump? (+video),REAL
Is there any way Obama can fill Supreme Court vacancy?,REAL
"Saudi Arabia's King Abdullah was incremental reformer, US ally (+video)",REAL
"Re: The U.S. Will Lose Global Reserve Status, Expect 80-90% Devaluation Of the U.S. Dollar",FAKE
How The Oligarchs Plan To Steal The Election,FAKE
GOP insiders: It was a rough night for Ted Cruz,REAL
"Space Wars Likely In The Future As US, Russia Develop Satellite Weapons",FAKE
Donald Trump is blatantly racist â€” and the media is too scared to call him out on it,REAL
Can Donald Trump recover from this?,REAL
The She-Devil,FAKE
Can Hillary rebuild her campaign with an upbeat message? And will anyone even notice?,REAL
The Democrats arenâ€™t doomed: What I learned from Bernie delegates in Philadelphia,REAL
The US Elections Do Matter But Not Necessary To Follow Them â€“ Sheikh Imran Hosein,FAKE
Enrique Marquez: I got rifles for San Bernardino killer,REAL
Project Veritas: Scott Foval Reveals Who Was Really Behind the Romney 47% Video,FAKE
Donald Trump Begs Hillary Clinton Early Voters to Change Their Votes,FAKE
Family of Armed Robbery Suspect Outraged Pizza Hut Employee Shot & Killed Their Son,FAKE
Abortion bill dropped amid concerns of female GOP lawmakers,REAL
'Racist and sexistâ€™ complaints against Aussie lamb advert rejected,FAKE
Outsider campaigns seek inside track,REAL
Pentagon Seeks Another $6 Billion for Overseas Troop Deployments,FAKE
The Most Interesting Chart In The World â€“ Part 2,FAKE
"Spy Scandals, Globalism and the Betrayal of America",FAKE
John Oliverâ€™s Smear Tactics Exposed As Establishment Propaganda,FAKE
Can Sanders' millennials switch to Clinton?,REAL
Bernie Sanders Has Strength Among White Men Pinched By The Economy,REAL
Standing Rock Indian Reservation: Thousands Of Wild Buffalo Appear Out Of Nowhere,FAKE
Western â€œCultureâ€ is Wrecking Entire Continents,FAKE
"Scalia, Thomas & Alito have totally lost it: The complete and utter incoherence of the conservative Supreme Court justices",REAL
ISIS: Mortal Threat Or Paper Tiger?,FAKE
Someone left a funny note asking the postman to move a spider,FAKE
"In rare foreign trip, Assad flies to Moscow to meet with Putin",REAL
Former â€˜Apprenticeâ€™ contestant accuses Trump of groping her during job meeting,REAL
Hispanic Crowd Boos Marco Rubio off Stage,FAKE
High Court Judges looking for a Truss to support them. More soon.,FAKE
"Trump's lean campaign machine relying mostly on donor cash, not his own",REAL
P. Parenthood Chief Goes Toe-to-Toe with Attackers,REAL
New Poll: Americans Feel Less Safe After 15 Years Of War,FAKE
"If Clinton Campaign Believes WikiLeaks Emails Are Forged, Why Donâ€™t They Prove It!?",FAKE
Justice Department Launches Civil Rights Probe Of Baltimore Police,REAL
Obama Meets Boy After Deplorable Trump Fans Attack His Wheelchair When Heâ€™s Removed From Rally,FAKE
â€œHonor Our Immigrant Veteransâ€ Replayed,FAKE
Laura Ingraham: The Trump betrayal by Republican elites won't soon be forgotten,REAL
Trump Supporter Jailed for Trying to Rig the Election By Committing Voter Fraud,FAKE
"Sanders wins in Wisconsin, keeping alive his improbable bid for the nomination",REAL
The unexpected and ingenious strategy of Obama's second term,REAL
Help Blow Up the Globalists Plot to Steal the Presidency- Make This Go Viral,FAKE
Biggest Election Fraud In History Discovered In The United States,FAKE
South Carolina primary brings high stakes for Marco Rubio and Jeb Bush,REAL
Duterte Calls US Admin â€˜Monkeysâ€™ for Halting Arms Sales,FAKE
"Slow start for program to reduce vets' waits at Veterans Affairs facilities, offer private medical care",REAL
Malaysia to Buy Ships From China in Another Blow to US Regional Dominance,FAKE
Vladimir Putin Condemns Europe for Upholding Child Rape (Video) - Ricky Twisdale,FAKE
Is This A New Escalation? BLACK Chemtrails Reported Around The World!,FAKE
BREAKING : Trump BEATING â€œFederal Investigation Hillaryâ€ by 4% in Michiganâ€™s Absentee Voting â€“ TruthFeed,FAKE
Harry Reid: Obama to Name Scalia Replacement in 3 Weeks,REAL
"Amid campaign troubles, Trump blasts Clinton as 'world-class liar'",REAL
"Mitt Romney: Donald Trump is a 'phony, a fraud'",REAL
'We the People' is at risk: Why America needs civics education,REAL
"â€˜Like Warsaw ghettoâ€™: Attendees attacked, surrounded at Israeli speaker event at London university",FAKE
"Comment on St. Charles Borromeo, Patron Saint of Catechists and Seminarians by jose",FAKE
NSA program reportedly helped US gather evidence against North Korea in Sony hack,REAL
"Donald Trump triumphs in Michigan and Mississippi. Onward, reality show junkies",REAL
"What happens to delegates won by Rubio, other ex-candidates?",REAL
Sniff your underarms and tell us if you stink...,FAKE
Must Watch: When People Laughed At Donald Trump And Anyone Who Said He Would Win,FAKE
"Mired in third, Marco Rubio prepares for a long, drawn-out Republican race",REAL
Comment on Facebook Daughterâ€™s Day Hoax Is A Sign Of The Times by para kazanmak,FAKE
The Last Confirmation Bias Test of This Election,FAKE
Donald Trump v Bernie Sanders: confusion reigns over possible debate,REAL
Unprecedented letter from Chair of Joint Chiefs suggests U.S. military does not want a President Hillary,FAKE
North Dakota Police Arrest Over 140 Pipeline Protesters,FAKE
Paul: Christie embraces Obamacare,REAL
Ooh Fuck,FAKE
"The American Way: Socialism for the Rich, Free Enterprise for the Rest",FAKE
BREAKING: Trump Rushed Off Stage After Alleged Gunman Found in Rally Audience,FAKE
"FBI Assistant Director Goes Rogue, Stabs Hillary in the Back on National TV",FAKE
Photo of the day: Miss Russia at the international beauty contest in Tokyo,FAKE
Congressional auditors: VA health care is high-risk,REAL
"Leaked Email: â€˜If She Wins, Hillary Will Own The Supreme Court for the Next 30 to 40 Yearsâ€™",FAKE
"Iowaâ€™s Des Moines Register endorses Clinton, Rubio",REAL
Economic Nationalism: Alternative To Globalism,FAKE
Experts Just Uncovered The Top Secret Server Trump Uses To Talk To Russia,FAKE
White House looks to scientists to sell Iran deal,REAL
GOP debate: 's Reality Check Team inspects claims,REAL
Travel: Conor McGregorâ€™s Guide To New York,FAKE
Lawmakers Who Have Forgotten Iraq Insist They're Right About Iran,REAL
"Kiev officials forced to declare incomes, Ukrainians threaten revolt",FAKE
Congress and its 'outsiders': The critical struggle over who is really in charge,REAL
Hotel CEO Caught Celebrating Using Government to Make Airbnb Illegal So They Can Price Gouge,FAKE
Sanders: Democratic Party hasn't been fair to me,REAL
"Bobby Jindal, raised Hindu, uses story of Christian conversion to woo evangelicals for potential 2016 bid",REAL
Conservatives in a meltdown: National Reviewâ€™s confused â€œAgainst Trumpâ€ issue is an amazing testament to the rightâ€™s implosion,REAL
"Reinventing Democracy in America Starts by Voting, Then Building an Accountability Movement",FAKE
PressTV-Huge blast kills 47 in Pakistan's Balochistan,FAKE
"What is an ""income"" tax and where did it come from? NOT the 16th Amendment!",FAKE
Will Latino loathing of Trump drive a voter movement to swing the election?,REAL
Drudge goes all in for Trump,REAL
New Study Shows Riots Make America Conservative,REAL
21 dead at Radison Blu hotel in Mali,REAL
The Reopening Of The Clinton Email Investigation Is More GOP Hype Over Nothing,FAKE
"Anti-terrorism crackdowns may have spurred attackers, Belgian prosecutor says",REAL
"United States â€“ reformation or fracture?, by Thierry Meyssan",FAKE
British PM Refuses To Withdraw Support For Saudi Arabia,FAKE
Editorial: Presidential stakes are high for nuclear arsenal - The Boston Globe,REAL
Proof God is on Duterteâ€™s Side!,FAKE
"Obama, Erdogan Discuss Need for Close Cooperation to Counter Daesh",FAKE
Voter Dreading Being Sent Over To Visibly Stupid Poll Worker - The Onion - America's Finest News Source,FAKE
North Korea Threatens â€˜Sacredâ€™ Nuclear War Against Israel if this country continue supporting ISIS,FAKE
Magnificent Jellyfish Gardens Purify The Water While Growing Food,FAKE
Here's why creating single-payer health care in America is so hard,REAL
Why Koch and Republican donor network wonâ€™t back Trump (+video),REAL
The Iran Deal and the Cost of Political Polarization | RealClearPolitics,REAL
A Book Too Dangerous To Read,FAKE
Gowdy reveals subpoena Clinton claims she 'never had',REAL
"Walgreens to close 200 stores, boost cost cutting",REAL
"This Will END Hillaryâ€™s Campaign, HILLARY CLINTON IS GOING DOWN",FAKE
"US Officials, FBI See No Link Between Trump and Russia",FAKE
â€˜They Donâ€™t Speak For Meâ€™ â€” Evangelical PhD SLAMS Religious Right Leaders Supporting Trump,FAKE
Teacher sickout closes most Detroit schools Monday,REAL
Anyone from the family who can understand what I speak will be appointed as UP CM: Mulayam Singh,FAKE
"Unsurprisingly, this Ku Klux Klan leaflet has a spelling mistake",FAKE
"American Dream, Revisited",FAKE
